Country Name,Country Code,year,unemployment_rate,net_migration,population,migration_share
Australia,AUS,1991,9.586,68847,17284036,0.39832710369267915
Australia,AUS,1992,10.733,40767,17478635,0.23323903725891637
Australia,AUS,1993,10.879,23833,17634808,0.1351474878547019
Australia,AUS,1994,9.724,51941,17805468,0.29171375894191603
Australia,AUS,1995,8.473,80456,18004882,0.44685658034304254
Australia,AUS,1996,8.509,82965,18224767,0.4552321574262102
Australia,AUS,1997,8.367,67661,18423037,0.3672630088079398
Australia,AUS,1998,7.684,81310,18607584,0.43697236567627484
Australia,AUS,2003,5.933,104437,19720737,0.5295795993831265
Australia,AUS,2004,5.399,110072,19932722,0.5522176048007894
Australia,AUS,2005,5.036,131371,20176844,0.651097862480376
Australia,AUS,2006,4.785,191985,20450966,0.9387576117431323
Australia,AUS,2007,4.381,249873,20827622,1.1997192958466405
Australia,AUS,2008,4.242,275773,21249199,1.297804213702361
Australia,AUS,2009,5.565,235628,21691653,1.0862611530804038
Australia,AUS,2010,5.214,166752,22031750,0.7568713334165466
Australia,AUS,2011,5.083,197657,22340024,0.8847662831517101
Australia,AUS,2016,5.711,254648,24190907,1.0526599932776393
Australia,AUS,2017,5.592,255023,24592588,1.0369913081128346
Australia,AUS,2018,5.3,226412,24963258,0.9069809717946272
Australia,AUS,2019,5.159,207142,25334826,0.8176176145831828
Australia,AUS,2020,6.456,44447,25649248,0.17328773147657195
Austria,AUT,1991,3.42,77417,7754891,0.9982990089738205
Austria,AUT,1992,3.59,71451,7840709,0.9112823853046964
Austria,AUT,1993,4.25,33688,7905633,0.426126535345114
Austria,AUT,1994,3.535,3113,7936118,0.03922572723843068
Austria,AUT,1995,4.345,1890,7948278,0.023778735469494147
Austria,AUT,1996,5.282,4077,7959017,0.05122491885618538
Austria,AUT,1997,5.15,1589,7968041,0.019942166462245864
Austria,AUT,1998,5.483,8702,7976789,0.10909151539548055
Austria,AUT,2003,4.779,44362,8121423,0.54623432371396
Austria,AUT,2004,5.969,55007,8171966,0.6731183169386656
Austria,AUT,2005,5.682,50676,8227829,0.6159097375504522
Austria,AUT,2006,5.32,25787,8268641,0.3118650332019494
Austria,AUT,2007,4.909,24616,8295487,0.29673966097469623
Austria,AUT,2008,4.198,25405,8321496,0.3052936635431898
Austria,AUT,2009,5.371,18222,8343323,0.2184021881928819
Austria,AUT,2010,4.883,22570,8363404,0.2698661932390209
Austria,AUT,2011,4.637,31887,8391643,0.37998518287777494
Austria,AUT,2016,6.064,65976,8736668,0.7551620366025126
Austria,AUT,2017,5.561,45478,8797566,0.51693843501714
Austria,AUT,2018,4.933,35296,8840521,0.39925248749479814
Austria,AUT,2019,4.56,41090,8879920,0.4627293939585041
Austria,AUT,2020,5.201,39601,8916864,0.4441135358798788
Belgium,BEL,1991,6.984,27038,10004486,0.27025876191940296
Belgium,BEL,1992,6.702,25941,10045158,0.2582438225461461
Belgium,BEL,1993,8.078,18542,10084475,0.18386678533091708
Belgium,BEL,1994,9.645,17636,10115603,0.17434452498778374
Belgium,BEL,1995,9.337,1937,10136811,0.019108573692456138
Belgium,BEL,1996,9.483,15684,10156637,0.15442119276291946
Belgium,BEL,1997,8.95,10262,10181245,0.10079317411573929
Belgium,BEL,1998,9.322,12517,10203008,0.12267950784709764
Belgium,BEL,2003,7.68,34472,10376133,0.33222396050628883
Belgium,BEL,2004,7.363,35143,10421137,0.3372280778959148
Belgium,BEL,2005,8.44,50576,10478617,0.4826591142705187
Belgium,BEL,2006,8.246,53574,10547958,0.5079087345626518
Belgium,BEL,2007,7.459,59911,10625700,0.5638310887753277
Belgium,BEL,2008,6.976,66470,10709973,0.6206364852647154
Belgium,BEL,2009,7.908,97175,10796493,0.9000607882578168
Belgium,BEL,2010,8.293,105232,10895586,0.9658223063908632
Belgium,BEL,2011,7.14,52464,11038264,0.47529212926960257
Belgium,BEL,2016,7.83,28090,11331422,0.24789474789660115
Belgium,BEL,2017,7.09,37981,11375158,0.33389426327089256
Belgium,BEL,2018,5.941,50604,11427054,0.44284379858535716
Belgium,BEL,2019,5.364,58469,11488980,0.5089137590978485
Belgium,BEL,2020,5.545,43777,11538604,0.3793959823909374
Canada,CAN,1991,10.316,134463,28037420,0.47958407014625454
Canada,CAN,1992,11.197,138121,28371264,0.48683414316683243
Canada,CAN,1993,11.377,133426,28684764,0.46514588720339484
Canada,CAN,1994,10.395,134863,29000663,0.46503419594234796
Canada,CAN,1995,9.489,141818,29302311,0.4839823043308768
Canada,CAN,1996,9.62,154553,29610218,0.521958332086579
Canada,CAN,1997,9.1,144678,29905948,0.4837766721188708
Canada,CAN,1998,8.278,142346,30155173,0.4720450451403479
Canada,CAN,2003,7.574,185643,31642461,0.5866895119188106
Canada,CAN,2004,7.185,194611,31938807,0.60932457495986
Canada,CAN,2005,6.758,204526,32242732,0.6343321031232714
Canada,CAN,2006,6.484,202175,32571193,0.6207172086082324
Canada,CAN,2007,6.156,213801,32888886,0.6500706652089098
Canada,CAN,2008,6.284,238083,33247298,0.7160972900715119
Canada,CAN,2009,8.46,244463,33630069,0.7269179257408006
Canada,CAN,2010,8.178,225369,34005902,0.6627349570083452
Canada,CAN,2011,7.637,227075,34339221,0.6612700969541504
Canada,CAN,2016,7.038,329455,36110803,0.9123447074826887
Canada,CAN,2017,6.426,372685,36545075,1.0197954170295176
Canada,CAN,2018,5.837,420224,37072620,1.1335157860437164
Canada,CAN,2019,5.69,387685,37618495,1.0305702022369583
Canada,CAN,2020,9.657,256592,38028638,0.6747336047112705
Chile,CHL,1991,5.23,-2207,13662491,-0.01615371603904442
Chile,CHL,1992,4.35,0,13884577,0
Chile,CHL,1993,4.49,1164,14102276,0.008253986803264947
Chile,CHL,1994,5.87,1930,14316256,0.013481178319247713
Chile,CHL,1995,4.7,2454,14527381,0.01689223955783909
Chile,CHL,1996,7.414,2942,14734046,0.01996735994987392
Chile,CHL,1997,7.136,3504,14932434,0.023465698894098577
Chile,CHL,1998,7.307,10984,15127799,0.07260805091342104
Chile,CHL,2003,9.765,9225,16024752,0.05756719355157571
Chile,CHL,2004,10.162,11495,16187322,0.0710123638734066
Chile,CHL,2005,9.34,14289,16348778,0.08740102777100527
Chile,CHL,2006,9.024,17285,16509195,0.10469922973227949
Chile,CHL,2007,8.427,20170,16671581,0.12098432656147007
Chile,CHL,2008,9.285,22488,16838988,0.1335472179206969
Chile,CHL,2009,11.313,24324,17009731,0.1430004977738919
Chile,CHL,2010,8.278,26048,17181464,0.15160524155566718
Chile,CHL,2011,7.277,28086,17351816,0.16186202066688582
Chile,CHL,2016,6.673,135864,18267221,0.7437584512718164
Chile,CHL,2017,7.257,220621,18558868,1.188763237068123
Chile,CHL,2018,7.623,237807,18893191,1.2586915571858666
Chile,CHL,2019,7.493,181339,19197744,0.9445849470646134
Chile,CHL,2020,10.934,26042,19370624,0.13444068709402443
Colombia,COL,1991,10.12,-48458,33098372,-0.14640599241557864
Colombia,COL,1992,9.44,-15147,33760571,-0.04486594732061848
Colombia,COL,1993,7.8,-30103,34441473,-0.0874033465409566
Colombia,COL,1994,8.25,-16023,35127410,-0.04561395218150157
Colombia,COL,1995,8.72,-33097,35804662,-0.0924376831151206
Colombia,COL,1996,11.81,-28251,36462745,-0.07747908173123005
Colombia,COL,1997,12.14,-23600,37121149,-0.06357561830858198
Colombia,COL,1998,15,-8186,37792165,-0.02166057435449914
Colombia,COL,2003,13.221,-33114,40937429,-0.08088930059579462
Colombia,COL,2004,13.717,-25949,41543171,-0.062462733044620015
Colombia,COL,2005,11.062,-41465,42128977,-0.09842394226662567
Colombia,COL,2006,11.091,-39303,42691084,-0.09206371990929066
Colombia,COL,2007,11.204,-49634,43235374,-0.11479951578538443
Colombia,COL,2008,11.273,-63313,43758808,-0.14468629949883463
Colombia,COL,2009,12.066,-46901,44271541,-0.10593938891804106
Colombia,COL,2010,11.153,-34220,44777319,-0.07642261922827492
Colombia,COL,2011,10.288,-46385,45259614,-0.10248651258934732
Colombia,COL,2016,8.922,104373,47437512,0.22002207872959273
Colombia,COL,2017,9.086,431072,48131078,0.8956209125422041
Colombia,COL,2018,9.36,495524,49024465,1.0107688069619933
Colombia,COL,2019,10.28,396826,49907985,0.7951152505956712
Colombia,COL,2020,15.983,227130,50629997,0.44860757151536074
Costa Rica,CRI,1991,5.37,10757,3202176,0.33592781908302355
Costa Rica,CRI,1992,3.93,13069,3284258,0.39792854276369277
Costa Rica,CRI,1993,3.95,14431,3367434,0.4285458898377815
Costa Rica,CRI,1994,4.05,15587,3451122,0.4516502169439388
Costa Rica,CRI,1995,5.18,16609,3535176,0.46982102164078965
Costa Rica,CRI,1996,6.16,17393,3619013,0.4806006499562174
Costa Rica,CRI,1997,5.68,16954,3701711,0.4580044201181562
Costa Rica,CRI,1998,5.33,15556,3782838,0.41122564593038347
Costa Rica,CRI,2003,6.654,5216,4138784,0.12602735489457775
Costa Rica,CRI,2004,6.445,4856,4200078,0.1156169004480393
Costa Rica,CRI,2005,6.749,4567,4261240,0.10717537618158093
Costa Rica,CRI,2006,5.926,4321,4321340,0.09999213207014492
Costa Rica,CRI,2007,4.557,4080,4380248,0.09314541094476843
Costa Rica,CRI,2008,4.934,3794,4440056,0.08544937271061447
Costa Rica,CRI,2009,7.824,3432,4499791,0.07627020899415106
Costa Rica,CRI,2010,7.171,2357,4555962,0.05173440867153853
Costa Rica,CRI,2011,9.518,1695,4609833,0.03676922786573831
Costa Rica,CRI,2016,8.085,1649,4866998,0.033881254933739446
Costa Rica,CRI,2017,7.729,1671,4913177,0.03401058011954383
Costa Rica,CRI,2018,9.01,1673,4957818,0.03374468364913758
Costa Rica,CRI,2019,10.807,1653,4999553,0.03306295582825105
Costa Rica,CRI,2020,16.432,1029,5034320,0.02043970188625276
Czechia,CZE,1991,2.27,5568,10308578,0.05401326933743917
Czechia,CZE,1992,2.6,6718,10319123,0.0651024316698231
Czechia,CZE,1993,4.349,7197,10329855,0.06967183953695381
Czechia,CZE,1994,4.284,6401,10333587,0.061943640673853134
Czechia,CZE,1995,4.082,6459,10327253,0.06254325327364402
Czechia,CZE,1996,3.852,6539,10315241,0.06339163573589797
Czechia,CZE,1997,4.674,6664,10304131,0.06467309082153555
Czechia,CZE,1998,6.455,6374,10294373,0.06191732123947714
Czechia,CZE,2003,7.777,25997,10193998,0.2550226123254095
Czechia,CZE,2004,8.298,26030,10197101,0.2552686297801699
Czechia,CZE,2005,7.927,26203,10211216,0.2566099865089525
Czechia,CZE,2006,7.141,26259,10238905,0.2564629713821937
Czechia,CZE,2007,5.316,27887,10298828,0.27077838371511787
Czechia,CZE,2008,4.392,29813,10384603,0.28708849052775537
Czechia,CZE,2009,6.662,31270,10443936,0.29940819246690137
Czechia,CZE,2010,7.281,34927,10474410,0.333450762381843
Czechia,CZE,2011,6.712,16841,10496088,0.16045025537133453
Czechia,CZE,2016,3.952,5465,10566332,0.051720881002035514
Czechia,CZE,2017,2.893,5747,10594438,0.0542454446380261
Czechia,CZE,2018,2.246,5849,10629928,0.05502389103670317
Czechia,CZE,2019,2.015,5553,10671870,0.052033992168195445
Czechia,CZE,2020,2.55,4336,10697858,0.0405314783576301
Denmark,DNK,1991,9.099,10827,5154298,0.21005770329926596
Denmark,DNK,1992,9.027,11937,5171370,0.23082858120768773
Denmark,DNK,1993,10.719,11411,5188628,0.2199232629512079
Denmark,DNK,1994,8.036,10766,5206180,0.20679269637238817
Denmark,DNK,1995,6.992,28958,5233373,0.5533333855622369
Denmark,DNK,1996,6.844,17534,5263074,0.3331513104318883
Denmark,DNK,1997,5.4,12269,5284991,0.23214798284424704
Denmark,DNK,1998,5.039,11098,5304219,0.20922967170096105
Denmark,DNK,2003,5.398,7228,5390574,0.134085906250429
Denmark,DNK,2004,5.204,5166,5404523,0.09558660403517572
Denmark,DNK,2005,4.83,6887,5419432,0.12707973824563165
Denmark,DNK,2006,3.897,10491,5437272,0.19294602146076195
Denmark,DNK,2007,3.801,20560,5461438,0.37645762892483625
Denmark,DNK,2008,3.683,25775,5493621,0.469180527742995
Denmark,DNK,2009,6.409,15551,5523095,0.28156314530168325
Denmark,DNK,2010,7.746,17533,5547683,0.31604185026433557
Denmark,DNK,2011,7.769,13495,5570572,0.2422551939010931
Denmark,DNK,2016,5.989,33391,5728010,0.5829424180474546
Denmark,DNK,2017,5.833,24561,5764980,0.42603790472820374
Denmark,DNK,2018,5.131,18919,5793636,0.3265479571032767
Denmark,DNK,2019,5.018,9488,5814422,0.16318045026659572
Denmark,DNK,2020,5.637,10851,5831404,0.1860786870537524
Estonia,EST,1991,1.468,-9712,1561314,-0.6220401533580049
Estonia,EST,1992,3.681,-38391,1533091,-2.5041566351899527
Estonia,EST,1993,6.544,-25501,1494128,-1.7067480162342181
Estonia,EST,1994,7.561,-17984,1462514,-1.229663442537986
Estonia,EST,1995,9.659,-12655,1436634,-0.8808784979333637
Estonia,EST,1996,9.915,-10540,1415594,-0.7445637661645923
Estonia,EST,1997,10.369,-4066,1399535,-0.29052506725448096
Estonia,EST,1998,9.51,-3296,1386156,-0.23777987470385728
Estonia,EST,2003,11.288,-3705,1370720,-0.2702959028831563
Estonia,EST,2004,10.248,-3681,1362550,-0.270155223661517
Estonia,EST,2005,8.033,-5208,1354775,-0.38441807680242107
Estonia,EST,2006,5.915,-5351,1346810,-0.3973091972884074
Estonia,EST,2007,4.592,-2941,1340680,-0.21936629173255362
Estonia,EST,2008,5.455,-2034,1337090,-0.1521213979612442
Estonia,EST,2009,13.548,-2089,1334515,-0.15653626973095094
Estonia,EST,2010,16.707,-3781,1331475,-0.2839707842805911
Estonia,EST,2011,12.328,-3941,1327439,-0.2968874652620572
Estonia,EST,2016,6.882,1081,1315790,0.08215596713761315
Estonia,EST,2017,5.807,5202,1317384,0.3948734765262064
Estonia,EST,2018,5.412,7089,1321977,0.5362423098132569
Estonia,EST,2019,4.514,5386,1326898,0.40590912036946325
Estonia,EST,2020,6.956,3694,1329522,0.2778442176962848
Finland,FIN,1991,6.503,14515,5013740,0.28950444179395024
Finland,FIN,1992,11.595,9356,5041992,0.18556157962963843
Finland,FIN,1993,16.201,9036,5066447,0.1783498376673041
Finland,FIN,1994,16.426,3834,5088333,0.07534884214535488
Finland,FIN,1995,17.005,4325,5107790,0.08467458529031147
Finland,FIN,1996,15.572,3757,5124573,0.07331342533319361
Finland,FIN,1997,14.967,4925,5139835,0.09582019656273014
Finland,FIN,1998,13.214,4417,5153498,0.0857087748942563
Finland,FIN,2003,10.469,5929,5213014,0.11373458809049812
Finland,FIN,2004,10.358,6956,5228172,0.1330484153926076
Finland,FIN,2005,9.602,9251,5246096,0.1763406540787664
Finland,FIN,2006,8.935,10820,5266268,0.20545859040975506
Finland,FIN,2007,6.854,14027,5288720,0.2652248559197689
Finland,FIN,2008,6.369,15626,5313399,0.2940867041981978
Finland,FIN,2009,8.249,14877,5338871,0.2786544196329149
Finland,FIN,2010,8.394,14080,5363352,0.262522392712617
Finland,FIN,2011,7.781,16798,5388272,0.31175115138953635
Finland,FIN,2016,8.818,17321,5495303,0.3151964504959963
Finland,FIN,2017,8.64,13356,5508214,0.24247423938140383
Finland,FIN,2018,7.361,11822,5515525,0.2143404299681354
Finland,FIN,2019,6.695,15671,5521606,0.28381235459393517
Finland,FIN,2020,7.759,17504,5529543,0.31655418901706706
France,FRA,1991,9.134,35201,58554242,0.060116908353112994
France,FRA,1992,10.203,61964,58846584,0.10529753094929009
France,FRA,1993,11.32,16892,59103094,0.028580568049449324
France,FRA,1994,12.593,-4232,59324863,-0.00713360265155606
France,FRA,1995,11.834,-17128,59541294,-0.028766590124830006
France,FRA,1996,12.367,-21463,59754504,-0.03591863133865189
France,FRA,1997,12.566,-15255,59968066,-0.025438539238534057
France,FRA,1998,12.074,20216,60190684,0.03358659290198463
France,FRA,2003,8.306,195616,62249855,0.31424330225347513
France,FRA,2004,8.914,200629,62707588,0.3199437363146546
France,FRA,2005,8.882,191417,63180854,0.3029667816772467
France,FRA,2006,8.832,132512,63622342,0.20827903505972792
France,FRA,2007,8.008,91973,64016890,0.14366989711621417
France,FRA,2008,7.386,79528,64375116,0.12353841816766592
France,FRA,2009,9.122,58032,64706436,0.08968505080391076
France,FRA,2010,9.279,52644,65026211,0.0809581231789747
France,FRA,2011,9.228,70178,65340830,0.10740298217821842
France,FRA,2016,10.057,15548,66724104,0.023301923994363417
France,FRA,2017,9.409,102984,66918020,0.15389576679046987
France,FRA,2018,9.018,132925,67158348,0.1979277393779847
France,FRA,2019,8.415,71972,67382061,0.1068118115294811
France,FRA,2020,8.009,145593,67601110,0.21537072394225482
Germany,DEU,1991,5.316,602638,80013896,0.7531666749485615
Germany,DEU,1992,6.323,811606,80624598,1.0066481199695407
Germany,DEU,1993,7.675,462096,81156363,0.5693897347272696
Germany,DEU,1994,8.727,315585,81438348,0.3875140001612017
Germany,DEU,1995,8.158,398077,81678051,0.48737328465391516
Germany,DEU,1996,8.822,281280,81914831,0.3433810417065989
Germany,DEU,1997,9.861,93281,82034771,0.11370910025457374
Germany,DEU,1998,9.787,-754469,82047195,-0.9195548976415342
Germany,DEU,2003,9.779,142009,82534176,0.17206084422530615
Germany,DEU,2004,10.727,81735,82516260,0.09905320478654751
Germany,DEU,2005,11.193,81351,82469422,0.0986438343171606
Germany,DEU,2006,10.277,-489056,82376451,-0.593684231431626
Germany,DEU,2007,8.732,-24772,82266372,-0.030111939298842545
Germany,DEU,2008,7.508,-23341,82110097,-0.028426467453813872
Germany,DEU,2009,7.88,46533,81902307,0.05681524941660069
Germany,DEU,2010,7.043,130116,81776930,0.15911088860880446
Germany,DEU,2011,5.967,295282,80274983,0.36783813457799175
Germany,DEU,2016,4.104,517480,82348669,0.6284011706370142
Germany,DEU,2017,3.781,452988,82657002,0.5480334261336989
Germany,DEU,2018,3.384,403908,82905782,0.48718918060503913
Germany,DEU,2019,3.163,319082,83092962,0.3840060485507786
Germany,DEU,2020,3.881,203468,83160871,0.24466795207087239
Greece,GRC,1991,7.572,37917,10319927,0.3674153896631246
Greece,GRC,1992,8.927,41000,10399061,0.3942663669344761
Greece,GRC,1993,10.177,39829,10460415,0.380759271979171
Greece,GRC,1994,9.808,42897,10512922,0.40804069506080226
Greece,GRC,1995,10.116,42674,10562153,0.40402747432270675
Greece,GRC,1996,10.402,43444,10608800,0.40950908679586756
Greece,GRC,1997,10.472,45671,10661259,0.428382801693496
Greece,GRC,1998,12.227,47856,10720509,0.4463967149320988
Greece,GRC,2003,9.839,25323,10928070,0.2317243575489542
Greece,GRC,2004,10.628,29039,10955141,0.2650718963817992
Greece,GRC,2005,10.074,33297,10987314,0.30304949872188963
Greece,GRC,2006,8.906,27621,11020362,0.2506360498865645
Greece,GRC,2007,8.351,25400,11048473,0.2298960227354495
Greece,GRC,2008,7.664,27081,11077841,0.24446099199293436
Greece,GRC,2009,9.546,18182,11107017,0.1636983179192037
Greece,GRC,2010,12.719,2001,11121341,0.017992434545438363
Greece,GRC,2011,17.973,-31786,11104899,-0.2862340305841593
Greece,GRC,2016,23.514,10484,10775971,0.09729053650942454
Greece,GRC,2017,21.413,10483,10754679,0.09747385300853703
Greece,GRC,2018,19.179,17938,10732882,0.16713125141970256
Greece,GRC,2019,17.045,36762,10721582,0.3428785043102781
Greece,GRC,2020,15.899,6353,10698599,0.05938160688142438
Hungary,HUN,1991,8.5,16873,10373400,0.16265640966317696
Hungary,HUN,1992,9.942,16238,10369341,0.15659625814215195
Hungary,HUN,1993,12.098,15540,10357523,0.15003587247645986
Hungary,HUN,1994,10.847,15159,10343355,0.14655786251172853
Hungary,HUN,1995,10.168,14927,10328965,0.1445159316543332
Hungary,HUN,1996,10.022,14605,10311238,0.1416415759193998
Hungary,HUN,1997,8.991,14186,10290486,0.1378554909845852
Hungary,HUN,1998,8.925,13568,10266570,0.13215708849206698
Hungary,HUN,2003,5.79,13879,10129552,0.1370149439975233
Hungary,HUN,2004,5.832,16637,10107146,0.16460630923902753
Hungary,HUN,2005,7.189,16925,10087065,0.16778914381933693
Hungary,HUN,2006,7.494,19890,10071370,0.1974905102284992
Hungary,HUN,2007,7.406,13697,10055780,0.13621021939620795
Hungary,HUN,2008,7.817,16166,10038188,0.161045001348849
Hungary,HUN,2009,10.03,17281,10022650,0.17241946990067497
Hungary,HUN,2010,11.172,10592,10000023,0.10591975638456032
Hungary,HUN,2011,11.029,1859,9971727,0.018642708529826378
Hungary,HUN,2016,5.115,68,9759755,6.967388013326154e-4
Hungary,HUN,2017,4.156,20200,9726756,0.2076745833862801
Hungary,HUN,2018,3.708,34190,9706964,0.35222135365908436
Hungary,HUN,2019,3.419,34339,9694824,0.35419931295297363
Hungary,HUN,2020,4.25,9147,9670419,0.09458742170323747
Iceland,ISL,1991,2.548,1145,257797,0.44414791483221294
Iceland,ISL,1992,4.305,-225,261057,-0.08618807386892517
Iceland,ISL,1993,5.257,-194,263725,-0.07356147502132904
Iceland,ISL,1994,5.326,-804,266021,-0.30223177869416323
Iceland,ISL,1995,5.196,-1354,267468,-0.5062287825085617
Iceland,ISL,1996,3.6,-511,268916,-0.19002216305463415
Iceland,ISL,1997,3.72,225,271128,0.08298663361954502
Iceland,ISL,1998,3.069,1014,274047,0.3700095239137812
Iceland,ISL,2003,3.997,-204,289521,-0.07046121006766348
Iceland,ISL,2004,4.031,610,292074,0.2088511815498812
Iceland,ISL,2005,2.547,3925,296734,1.3227334919490183
Iceland,ISL,2006,2.83,5300,303782,1.7446721662244635
Iceland,ISL,2007,2.251,5254,311566,1.686320073435484
Iceland,ISL,2008,2.946,1138,317414,0.35852230840479626
Iceland,ISL,2009,7.22,-4785,318499,-1.502359505053391
Iceland,ISL,2010,7.564,-2055,318041,-0.6461431073352177
Iceland,ISL,2011,7.028,-1393,319014,-0.43665795231557236
Iceland,ISL,2016,2.978,4128,335439,1.2306261347070555
Iceland,ISL,2017,2.742,8348,343400,2.430984274898078
Iceland,ISL,2018,2.704,6638,352721,1.8819406839967
Iceland,ISL,2019,3.507,5030,360563,1.395040533831813
Iceland,ISL,2020,5.478,2498,366463,0.6816513536155083
Ireland,IRL,1991,15.771,4944,3534235,0.13988883025605256
Ireland,IRL,1992,15.021,1335,3558430,0.037516545217975344
Ireland,IRL,1993,15.571,-3762,3576261,-0.10519366455636209
Ireland,IRL,1994,14.544,-3118,3590386,-0.08684303024800119
Ireland,IRL,1995,11.97,10019,3608841,0.27762375787683635
Ireland,IRL,1996,11.692,9959,3637510,0.273786188903948
Ireland,IRL,1997,10.191,17425,3674171,0.4742566418383902
Ireland,IRL,1998,7.699,16615,3712696,0.4475184609782218
Ireland,IRL,2003,4.478,32220,3996521,0.8062011934880362
Ireland,IRL,2004,4.491,49102,4070262,1.2063596888848924
Ireland,IRL,2005,4.237,63983,4159914,1.5380846815583207
Ireland,IRL,2006,4.355,94513,4273591,2.2115593186151883
Ireland,IRL,2007,4.98,76465,4398942,1.738258881340104
Ireland,IRL,2008,6.774,18979,4489544,0.42273781034332214
Ireland,IRL,2009,12.609,-18524,4535375,-0.4084337017335942
Ireland,IRL,2010,14.534,-26974,4560155,-0.5915149813986587
Ireland,IRL,2011,15.354,-26529,4580084,-0.5792251845162666
Ireland,IRL,2016,8.374,18967,4762722,0.3982386542821521
Ireland,IRL,2017,6.713,28883,4827445,0.5983082148009972
Ireland,IRL,2018,5.741,33387,4898022,0.6816425079348357
Ireland,IRL,2019,4.95,29663,4976456,0.5960667591555115
Ireland,IRL,2020,5.623,15746,5039747,0.3124363187279044
Israel,ISR,1991,13.387,153141,4949000,3.09438270357648
Israel,ISR,1992,14.08,57522,5123000,1.1228186609408548
Israel,ISR,1993,12.741,49345,5261000,0.9379395552176392
Israel,ISR,1994,9.934,57273,5399000,1.0608075569549917
Israel,ISR,1995,8.782,61800,5545000,1.1145175834084762
Israel,ISR,1996,8.455,66811,5692000,1.1737702037947997
Israel,ISR,1997,9.751,60297,5836000,1.033190541466758
Israel,ISR,1998,10.749,52713,5971000,0.8828169485848266
Israel,ISR,2003,13.505,6684,6689700,0.09991479438539845
Israel,ISR,2004,13.029,8494,6809000,0.12474665883389631
Israel,ISR,2005,11.342,10975,6930100,0.15836712312953638
Israel,ISR,2006,10.707,11446,7053700,0.16226944724045536
Israel,ISR,2007,9.379,9654,7180100,0.13445495188089301
Israel,ISR,2008,7.704,7974,7308800,0.10910135726795095
Israel,ISR,2009,9.534,7269,7485600,0.09710644437319653
Israel,ISR,2010,8.48,12906,7623600,0.16929009916574847
Israel,ISR,2011,7.139,10470,7765800,0.13482191145793093
Israel,ISR,2016,4.723,24308,8546000,0.2844371635853031
Israel,ISR,2017,4.14,14518,8713300,0.1666188470499122
Israel,ISR,2018,3.917,15615,8882800,0.17578916557842122
Israel,ISR,2019,3.731,16134,9054000,0.1781974817760106
Israel,ISR,2020,4.169,16573,9215100,0.1798461221256416
Italy,ITA,1991,10.097,19721,56758521,0.03474544377222232
Italy,ITA,1992,9.321,51747,56797087,0.09110854576045423
Italy,ITA,1993,10.212,24321,56831821,0.042794687152466926
Italy,ITA,1994,11.086,502750,56843400,0.8844474468451923
Italy,ITA,1995,11.661,-460287,56844303,-0.8097328592453672
Italy,ITA,1996,11.864,53450,56860281,0.09400234937284253
Italy,ITA,1997,11.985,50539,56890372,0.08883576996121594
Italy,ITA,1998,12.117,67985,56906744,0.11946738685312941
Italy,ITA,2003,8.869,478578,57399184,0.8337714347994912
Italy,ITA,2004,7.866,417970,57828179,0.7227791143138019
Italy,ITA,2005,7.73,258702,58166682,0.4447597681435568
Italy,ITA,2006,6.777,215995,58399861,0.36985533236115065
Italy,ITA,2007,6.076,495092,58756247,0.8426201898157314
Italy,ITA,2008,6.723,422534,59211181,0.7136050875256145
Italy,ITA,2009,7.749,283676,59555454,0.47632245402746826
Italy,ITA,2010,8.363,274387,59819407,0.4586922769060549
Italy,ITA,2011,8.359,198544,60026841,0.3307587017614337
Italy,ITA,2016,11.688,84568,60115223,0.1406765138341082
Italy,ITA,2017,11.211,95147,60002252,0.1585723815832779
Italy,ITA,2018,10.61,83686,60148658,0.13913194871280418
Italy,ITA,2019,9.951,46634,59729081,0.07807587061317753
Italy,ITA,2020,9.164,85281,59438851,0.14347686498852408
Japan,JPN,1991,2.059,161331,123964000,0.13014342873737536
Japan,JPN,1992,2.158,170878,124425000,0.13733413703033956
Japan,JPN,1993,2.539,168836,124829000,0.13525382723565837
Japan,JPN,1994,2.89,154214,125178000,0.12319576922462414
Japan,JPN,1995,3.15,87714,125472000,0.06990723029839327
Japan,JPN,1996,3.383,25030,125757000,0.01990346461827175
Japan,JPN,1997,3.374,43366,126057000,0.034401897554281004
Japan,JPN,1998,4.078,45912,126400000,0.03632278481012659
Japan,JPN,2003,5.251,74875,127718000,0.05862525250943485
Japan,JPN,2004,4.734,69014,127761000,0.05401804932647678
Japan,JPN,2005,4.446,113017,127773000,0.08845139426952486
Japan,JPN,2006,4.192,130065,127854000,0.10172931625134919
Japan,JPN,2007,3.888,138024,128001000,0.10783040757494082
Japan,JPN,2008,4.002,142605,128063000,0.11135534853939077
Japan,JPN,2009,5.068,125450,128047000,0.09797183846556343
Japan,JPN,2010,5.102,131860,128070000,0.10295931912235497
Japan,JPN,2011,4.55,97720,127833000,0.07644348485915217
Japan,JPN,2016,3.132,314732,127076000,0.2476722591205263
Japan,JPN,2017,2.822,322564,126972000,0.2540434111457644
Japan,JPN,2018,2.467,320601,126811000,0.25281797320421734
Japan,JPN,2019,2.351,318190,126633000,0.2512694163448706
Japan,JPN,2020,2.809,42001,126261000,0.033265220456039475
"Korea, Rep.",KOR,1991,2.407,-270754,43295704,-0.6253599664299258
"Korea, Rep.",KOR,1992,2.513,-265849,43747962,-0.6076831647609093
"Korea, Rep.",KOR,1993,2.878,-222802,44194628,-0.5041381952575774
"Korea, Rep.",KOR,1994,2.476,-208309,44641540,-0.46662592733136
"Korea, Rep.",KOR,1995,2.063,-208491,45092991,-0.46235788617348533
"Korea, Rep.",KOR,1996,2.048,-115705,45524681,-0.2541588374886141
"Korea, Rep.",KOR,1997,2.608,-109130,45953580,-0.23747877749676957
"Korea, Rep.",KOR,1998,6.963,-98044,46286503,-0.21181984735377393
"Korea, Rep.",KOR,2003,3.348,-31994,47892330,-0.06680401642601226
"Korea, Rep.",KOR,2004,3.42,-42549,48082519,-0.08849162000019176
"Korea, Rep.",KOR,2005,3.482,-47821,48184561,-0.09924548238594516
"Korea, Rep.",KOR,2006,3.254,-28434,48438292,-0.05870149178670462
"Korea, Rep.",KOR,2007,3.013,-42293,48683638,-0.0868731297361138
"Korea, Rep.",KOR,2008,2.959,-19630,49054708,-0.040016546424045576
"Korea, Rep.",KOR,2009,3.363,5308,49307835,0.010765023449113108
"Korea, Rep.",KOR,2010,3.324,52042,49554112,0.1050205480425116
"Korea, Rep.",KOR,2011,2.992,269958,49936638,0.5406010713015963
"Korea, Rep.",KOR,2016,3.65,91568,51217803,0.17878158498911015
"Korea, Rep.",KOR,2017,3.653,104029,51361911,0.2025411398730861
"Korea, Rep.",KOR,2018,3.824,118220,51585058,0.22917489013969897
"Korea, Rep.",KOR,2019,3.746,128622,51764822,0.24847376080999567
"Korea, Rep.",KOR,2020,3.931,112631,51836239,0.21728235337444135
Latvia,LVA,1991,2.7,-12020,2650581,-0.4534854811077269
Latvia,LVA,1992,6.6,-52180,2614338,-1.9959163658256889
Latvia,LVA,1993,16.7,-32914,2563290,-1.2840529163691974
Latvia,LVA,1994,18.7,-21446,2520742,-0.8507812382227137
Latvia,LVA,1995,19,-13288,2485056,-0.5347163202760823
Latvia,LVA,1996,20.7,-9888,2457222,-0.4024056434461355
Latvia,LVA,1997,17.569,-9183,2432851,-0.37745838113390423
Latvia,LVA,1998,14.454,-5504,2410019,-0.22837994223282057
Latvia,LVA,2003,12.061,-11422,2287955,-0.499223105349537
Latvia,LVA,2004,11.708,-15136,2263122,-0.6688106076473119
Latvia,LVA,2005,10.033,-11134,2238799,-0.4973202149902693
Latvia,LVA,2006,7.03,-9211,2218357,-0.4152172080508232
Latvia,LVA,2007,6.052,-8027,2200325,-0.3648097440150887
Latvia,LVA,2008,7.739,-22445,2177322,-1.0308534980126964
Latvia,LVA,2009,17.515,-34807,2141669,-1.6252278013082322
Latvia,LVA,2010,19.482,-36128,2097555,-1.7223863021470234
Latvia,LVA,2011,16.206,-20202,2059709,-0.9808181641193005
Latvia,LVA,2016,9.643,-12327,1959537,-0.6290771748632458
Latvia,LVA,2017,8.715,-7867,1942248,-0.40504611151614006
Latvia,LVA,2018,7.412,-4972,1927174,-0.2579943482010446
Latvia,LVA,2019,6.312,-3416,1913822,-0.17849099864041693
Latvia,LVA,2020,8.098,-3147,1900449,-0.16559244683756313
Lithuania,LTU,1991,1.1,-10744,3704134,-0.2900543014912528
Lithuania,LTU,1992,1.2,-25175,3700114,-0.6803844422090779
Lithuania,LTU,1993,13.8,-23949,3682613,-0.650326276478142
Lithuania,LTU,1994,13.8,-24104,3657144,-0.6590935440332675
Lithuania,LTU,1995,17.54,-23509,3629102,-0.6477911064500254
Lithuania,LTU,1996,16.4,-23236,3601613,-0.6451553789926903
Lithuania,LTU,1997,14.13,-22324,3575137,-0.6244236234863167
Lithuania,LTU,1998,13.711,-22002,3549331,-0.6198914668707991
Lithuania,LTU,2003,12.874,-22701,3415213,-0.664702318713357
Lithuania,LTU,2004,10.684,-32312,3377075,-0.9568043351124864
Lithuania,LTU,2005,8.325,-51357,3322528,-1.545720607922642
Lithuania,LTU,2006,5.78,-24730,3269909,-0.7562901597567394
Lithuania,LTU,2007,4.25,-21815,3231294,-0.6751165322623073
Lithuania,LTU,2008,5.826,-16482,3198231,-0.5153473904792993
Lithuania,LTU,2009,13.785,-32186,3162916,-1.0176052731087388
Lithuania,LTU,2010,17.814,-78887,3097282,-2.546975057485886
Lithuania,LTU,2011,15.39,-38518,3028115,-1.2720124565942839
Lithuania,LTU,2016,7.862,-30612,2877325,-1.063904842171114
Lithuania,LTU,2017,7.073,-28027,2842639,-0.9859500274217021
Lithuania,LTU,2018,6.147,-3459,2819200,-0.12269438138479002
Lithuania,LTU,2019,6.255,10665,2811089,0.3793903359160809
Lithuania,LTU,2020,8.487,19884,2810369,0.7075227487920626
Luxembourg,LUX,1991,1.482,4067,387000,1.0509043927648578
Luxembourg,LUX,1992,2.029,4101,392175,1.0457066360680818
Luxembourg,LUX,1993,2.33,4055,397475,1.0201899490533997
Luxembourg,LUX,1994,3.479,3900,402925,0.9679220698641187
Luxembourg,LUX,1995,2.918,4385,408625,1.0731110431324564
Luxembourg,LUX,1996,3.286,3603,414225,0.8698171283722614
Luxembourg,LUX,1997,2.527,3711,419450,0.8847300035761115
Luxembourg,LUX,1998,2.763,3874,424700,0.9121732987991524
Luxembourg,LUX,2003,3.675,5581,451630,1.2357460753271483
Luxembourg,LUX,2004,5.113,4566,458095,0.9967364847902729
Luxembourg,LUX,2005,4.488,6310,465158,1.3565283194097488
Luxembourg,LUX,2006,4.731,5557,472637,1.175743752605065
Luxembourg,LUX,2007,4.065,6244,479993,1.3008523040961013
Luxembourg,LUX,2008,5.06,7969,488650,1.6308196050342783
Luxembourg,LUX,2009,5.194,6855,497783,1.3771060883959476
Luxembourg,LUX,2010,4.423,7909,506953,1.5601051774030334
Luxembourg,LUX,2011,5.122,10918,518347,2.1063110233106395
Luxembourg,LUX,2016,6.669,12760,582014,2.19238712470834
Luxembourg,LUX,2017,5.523,9643,596336,1.617041399479488
Luxembourg,LUX,2018,5.589,10145,607950,1.6687227568056584
Luxembourg,LUX,2019,5.592,10503,620001,1.6940295257588296
Luxembourg,LUX,2020,6.766,6967,630419,1.105138011386078
Mexico,MEX,1991,3.145,-326691,84430572,-0.3869344862427321
Mexico,MEX,1992,3.235,-344313,86044809,-0.4001554585355637
Mexico,MEX,1993,3.365,-358039,87653807,-0.4084694233531694
Mexico,MEX,1994,4.436,-354573,89259205,-0.3972397020564994
Mexico,MEX,1995,7.095,-340091,90862455,-0.3742921099809597
Mexico,MEX,1996,5.465,-343399,92452702,-0.3714320864305296
Mexico,MEX,1997,4.235,-340546,94021207,-0.3622012638063666
Mexico,MEX,1998,3.733,-321385,95575245,-0.33626385158625544
Mexico,MEX,2003,3.455,-369183,102978515,-0.35850487842051326
Mexico,MEX,2004,3.937,-346912,104394131,-0.33230986902893994
Mexico,MEX,2005,3.558,-310278,105811504,-0.29323654637779273
Mexico,MEX,2006,3.566,-244140,107253666,-0.22762858287753074
Mexico,MEX,2007,3.628,-105524,108774360,-0.0970118325678956
Mexico,MEX,2008,3.874,-50347,110374288,-0.0456147902852157
Mexico,MEX,2009,5.356,-30809,111999721,-0.027508104238938236
Mexico,MEX,2010,5.303,-40845,113623895,-0.03594754430835169
Mexico,MEX,2011,5.175,-37826,115243504,-0.03282267432618154
Mexico,MEX,2016,3.853,-304472,122251351,-0.24905409838783704
Mexico,MEX,2017,3.419,-227499,123400057,-0.1843589099800821
Mexico,MEX,2018,3.275,-175356,124573711,-0.14076485206417266
Mexico,MEX,2019,3.477,-169628,125762982,-0.13487911729065075
Mexico,MEX,2020,4.44,-147456,126799054,-0.11629108841774166
Netherlands,NLD,1991,7.285,51670,15069798,0.3428712183136098
Netherlands,NLD,1992,5.555,50148,15184166,0.3302650932556981
Netherlands,NLD,1993,6.287,44514,15290368,0.29112445168095363
Netherlands,NLD,1994,7.159,20193,15382838,0.13126966558446498
Netherlands,NLD,1995,7.157,15056,15459006,0.09739306653998323
Netherlands,NLD,1996,6.421,21792,15530498,0.1403174579462938
Netherlands,NLD,1997,5.511,31302,15610650,0.20051695477126194
Netherlands,NLD,1998,4.394,52058,15707209,0.3314274356443592
Netherlands,NLD,2003,3.593,7937,16225302,0.048917425389062096
Netherlands,NLD,2004,4.646,-9230,16281779,-0.05668913697944186
Netherlands,NLD,2005,5.872,-22496,16319868,-0.13784425217164747
Netherlands,NLD,2006,5.007,-25401,16346101,-0.15539485532360284
Netherlands,NLD,2007,4.153,-304,16381696,-0.0018557297119907487
Netherlands,NLD,2008,3.658,32406,16445593,0.19704975065356414
Netherlands,NLD,2009,4.352,39832,16530388,0.24096228110314166
Netherlands,NLD,2010,4.991,33703,16615394,0.20284201506145447
Netherlands,NLD,2011,4.977,31224,16693074,0.18704763424639465
Netherlands,NLD,2016,6.007,88743,17030314,0.5210884543878639
Netherlands,NLD,2017,4.837,86332,17131296,0.5039431926224379
Netherlands,NLD,2018,3.832,87197,17231624,0.5060289152084563
Netherlands,NLD,2019,3.379,109003,17344874,0.6284450379979699
Netherlands,NLD,2020,3.82,67598,17441500,0.38756987644411317
New Zealand,NZL,1991,10.614,31156,3495100,0.8914194157534835
New Zealand,NZL,1992,10.667,6460,3531700,0.18291474360789423
New Zealand,NZL,1993,9.804,12638,3572200,0.3537875818823134
New Zealand,NZL,1994,8.354,20420,3620000,0.5640883977900553
New Zealand,NZL,1995,6.461,26743,3673400,0.7280176403332064
New Zealand,NZL,1996,6.29,25169,3732000,0.6744105037513398
New Zealand,NZL,1997,6.857,12040,3781300,0.31840901277338485
New Zealand,NZL,1998,7.718,-1387,3815000,-0.0363564875491481
New Zealand,NZL,2003,4.745,42456,4027200,1.0542312276519668
New Zealand,NZL,2004,4.005,24521,4087500,0.5999021406727829
New Zealand,NZL,2005,3.807,19212,4133900,0.4647427368828467
New Zealand,NZL,2006,3.857,14542,4184600,0.3475123070305406
New Zealand,NZL,2007,3.661,3053,4223800,0.07228088451157726
New Zealand,NZL,2008,4.167,4804,4259800,0.11277524766420959
New Zealand,NZL,2009,6.121,12700,4302600,0.2951703621066332
New Zealand,NZL,2010,6.557,6722,4350700,0.15450387293998669
New Zealand,NZL,2011,6.491,-2196,4384000,-0.05009124087591241
New Zealand,NZL,2016,5.147,75512,4714100,1.6018327994739185
New Zealand,NZL,2017,4.736,68349,4813600,1.4199144091740068
New Zealand,NZL,2018,4.335,59139,4900600,1.2067705995184264
New Zealand,NZL,2019,4.109,69770,4979200,1.4012291131105399
New Zealand,NZL,2020,4.595,42124,5090200,0.8275509803151153
Norway,NOR,1991,5.407,7949,4261732,0.18652041001170416
Norway,NOR,1992,5.91,10218,4286401,0.238381803289053
Norway,NOR,1993,5.965,12567,4311991,0.29144309438493726
Norway,NOR,1994,5.349,7580,4336613,0.1747907871880659
Norway,NOR,1995,6.307,6343,4359184,0.14550888423154423
Norway,NOR,1996,5.036,5671,4381336,0.12943540509104987
Norway,NOR,1997,4.687,9744,4405157,0.22119529451504225
Norway,NOR,1998,3.737,13519,4431464,0.3050684830114833
Norway,NOR,2003,4.221,11389,4564855,0.249493138336267
Norway,NOR,2004,4.256,13412,4591910,0.2920788952745154
Norway,NOR,2005,4.381,18588,4623291,0.402051266078644
Norway,NOR,2006,3.397,24054,4660677,0.5161052782675135
Norway,NOR,2007,2.493,40111,4709153,0.8517667614537051
Norway,NOR,2008,2.521,44002,4768212,0.9228197068418937
Norway,NOR,2009,3.1,39316,4828726,0.8142106220149994
Norway,NOR,2010,3.527,42865,4889252,0.8767189745997956
Norway,NOR,2011,3.196,47454,4953088,0.9580689864585487
Norway,NOR,2016,4.68,26417,5234519,0.5046691014016761
Norway,NOR,2017,4.164,21657,5276968,0.4104061271548358
Norway,NOR,2018,3.801,18473,5311916,0.3477652884571217
Norway,NOR,2019,3.684,25707,5347896,0.4806937158089835
Norway,NOR,2020,4.424,11277,5379475,0.2096301218985124
Poland,POL,1991,13.611,-55342,38246193,-0.144699369163357
Poland,POL,1992,13.645,-46893,38363667,-0.12223284077614374
Poland,POL,1993,14.393,-48805,38461408,-0.126893430422516
Poland,POL,1994,14.825,-41845,38542652,-0.10856803522497623
Poland,POL,1995,13.695,-52989,38594998,-0.13729499351185354
Poland,POL,1996,12.684,-45349,38624370,-0.11741032928174622
Poland,POL,1997,10.964,-44230,38649660,-0.11443826413996913
Poland,POL,1998,9.935,-39509,38663481,-0.10218686724043291
Poland,POL,2003,19.899,-19039,38204570,-0.04983435227775107
Poland,POL,2004,18.822,-38216,38182222,-0.10008846525485081
Poland,POL,2005,17.592,-41942,38165445,-0.10989522066361337
Poland,POL,2006,13.794,-68882,38141267,-0.18059704204372656
Poland,POL,2007,9.551,-51235,38120560,-0.1344025376332352
Poland,POL,2008,7.069,-42288,38125759,-0.11091713610212979
Poland,POL,2009,8.131,-8283,38151603,-0.0217107522323505
Poland,POL,2010,9.578,119623,38042794,0.3144432556662373
Poland,POL,2011,9.576,45951,38063255,0.12072272852124706
Poland,POL,2016,6.141,-5675,37970087,-0.014945975762446898
Poland,POL,2017,4.867,-21535,37974826,-0.05670862060039458
Poland,POL,2018,3.835,-223,37974750,-5.872323056767984e-4
Poland,POL,2019,3.267,7696,37965475,0.020271048893764663
Poland,POL,2020,3.155,3920,37515748,0.010448945333570318
Portugal,PRT,1991,3.919,-37914,9960235,-0.3806536693160352
Portugal,PRT,1992,3.985,-11847,9952494,-0.11903548999878824
Portugal,PRT,1993,5.301,8561,9964675,0.08591348940131013
Portugal,PRT,1994,6.709,20761,9991525,0.20778609871866405
Portugal,PRT,1995,7.064,26971,10026176,0.26900585028629065
Portugal,PRT,1996,7.298,32640,10063945,0.3243260967741775
Portugal,PRT,1997,6.571,36922,10108977,0.36523972702678026
Portugal,PRT,1998,4.64,40931,10160196,0.4028564015891032
Portugal,PRT,2003,6.132,24740,10458821,0.23654673887238345
Portugal,PRT,2004,6.319,13928,10483861,0.13285181861911372
Portugal,PRT,2005,7.582,15537,10503330,0.1479245153679833
Portugal,PRT,2006,7.649,16754,10522288,0.15922392544283145
Portugal,PRT,2007,7.965,21064,10542964,0.19979201294816146
Portugal,PRT,2008,7.553,9478,10558177,0.08976928498167817
Portugal,PRT,2009,9.432,14532,10568247,0.13750624867113723
Portugal,PRT,2010,10.771,-5627,10573100,-0.053219963870577223
Portugal,PRT,2011,12.682,-31513,10557560,-0.2984875293154858
Portugal,PRT,2016,11.068,-775,10325452,-0.007505724688856237
Portugal,PRT,2017,8.869,13979,10300300,0.13571449375260916
Portugal,PRT,2018,6.994,22495,10283822,0.21874163127288668
Portugal,PRT,2019,6.464,63031,10286263,0.6127686993809122
Portugal,PRT,2020,6.801,54076,10297081,0.525158537647708
Slovak Republic,SVK,1991,12.166,174,5303294,0.0032809797080833158
Slovak Republic,SVK,1992,12.192,-201,5305016,-0.00378886698927958
Slovak Republic,SVK,1993,12.2,72,5325305,0.0013520352355404996
Slovak Republic,SVK,1994,13.654,-109,5346331,-0.002038781362396006
Slovak Republic,SVK,1995,13.109,-30,5361999,-5.594928309386108e-4
Slovak Republic,SVK,1996,11.341,246,5373361,0.004578140199402199
Slovak Republic,SVK,1997,11.894,247,5383291,0.0045882713752609695
Slovak Republic,SVK,1998,12.421,-12,5390516,-2.2261319695554194e-4
Slovak Republic,SVK,2003,17.549,-646,5373374,-0.012022241519015799
Slovak Republic,SVK,2004,18.206,-522,5372280,-0.009716544930643972
Slovak Republic,SVK,2005,16.276,-561,5372807,-0.010441469421849696
Slovak Republic,SVK,2006,13.395,-549,5373054,-0.01021765275390867
Slovak Republic,SVK,2007,11.16,-571,5374622,-0.010624002953137913
Slovak Republic,SVK,2008,9.514,-495,5379233,-0.009202055385963017
Slovak Republic,SVK,2009,12.023,-542,5386406,-0.010062368117071011
Slovak Republic,SVK,2010,14.387,-1814,5391428,-0.03364600250620058
Slovak Republic,SVK,2011,13.634,-2392,5398384,-0.0443095563413051
Slovak Republic,SVK,2016,9.679,3487,5430798,0.06420787515941488
Slovak Republic,SVK,2017,8.142,3279,5439232,0.06028424601120158
Slovak Republic,SVK,2018,6.544,3446,5446771,0.06326684195094671
Slovak Republic,SVK,2019,5.761,3128,5454147,0.057350856146708186
Slovak Republic,SVK,2020,6.719,4350,5458827,0.0796874493366432
Slovenia,SVN,1991,7.08,-3325,1999429,-0.166297477929949
Slovenia,SVN,1992,7.809,-5547,1996498,-0.2778364916969614
Slovenia,SVN,1993,8.51,-4641,1991746,-0.2330116390342945
Slovenia,SVN,1994,8.24,-153,1989443,-0.007690594804676485
Slovenia,SVN,1995,7.15,356,1989872,0.017890597988212308
Slovenia,SVN,1996,6.886,-2456,1988628,-0.12350223370082287
Slovenia,SVN,1997,6.658,-1298,1985956,-0.06535895055076749
Slovenia,SVN,1998,7.4,-5280,1981629,-0.26644745308026885
Slovenia,SVN,2003,6.479,3218,1995733,0.1612440141040911
Slovenia,SVN,2004,6.012,1759,1997012,0.08808159390128852
Slovenia,SVN,2005,6.506,6317,2000474,0.315775161286775
Slovenia,SVN,2006,5.95,6081,2006868,0.3030094654954885
Slovenia,SVN,2007,4.818,14191,2018122,0.7031784996149886
Slovenia,SVN,2008,4.371,2971,2021316,0.14698345038578828
Slovenia,SVN,2009,5.858,11594,2039669,0.568425563167357
Slovenia,SVN,2010,7.236,-410,2048583,-0.02001383395254183
Slovenia,SVN,2011,8.166,2190,2052843,0.1066813195163975
Slovenia,SVN,2016,8,1195,2065042,0.05786807241692905
Slovenia,SVN,2017,6.564,1359,2066388,0.06576693244443929
Slovenia,SVN,2018,5.108,14640,2073894,0.7059184317038383
Slovenia,SVN,2019,4.446,16352,2088385,0.7829973879337383
Slovenia,SVN,2020,4.971,28514,2102419,1.3562472561368595
Spain,ESP,1991,15.929,122841,38966376,0.31524871596989157
Spain,ESP,1992,17.697,177544,39157685,0.45340780487916993
Spain,ESP,1993,22.156,160907,39361262,0.40879532775143235
Spain,ESP,1994,24.209,160407,39549108,0.40558942568312795
Spain,ESP,1995,22.675,162434,39724050,0.4089059398525578
Spain,ESP,1996,22.142,162704,39889852,0.40788318793461553
Spain,ESP,1997,20.698,165345,40057389,0.41277028814833644
Spain,ESP,1998,18.673,182926,40223509,0.45477384879573785
Spain,ESP,2003,11.283,658428,42187645,1.560712857994325
Spain,ESP,2004,11.09,661158,42921895,1.5403746735786013
Spain,ESP,2005,9.146,629803,43653155,1.442743371011786
Spain,ESP,2006,8.452,659720,44397319,1.4859455815338758
Spain,ESP,2007,8.232,772317,45226803,1.7076533134566245
Spain,ESP,2008,11.254,434135,45954106,0.9447142764566022
Spain,ESP,2009,17.857,129557,46362946,0.27944082759538186
Spain,ESP,2010,19.86,69406,46576897,0.14901379110763863
Spain,ESP,2011,21.39,60761,46742697,0.1299903597774857
Spain,ESP,2016,19.635,106474,46458139,0.22918266269770296
Spain,ESP,2017,17.224,201135,46571232,0.43188679225836235
Spain,ESP,2018,15.255,337467,46782011,0.72136061017129
Spain,ESP,2019,14.104,464783,47118501,0.9864129591049595
Spain,ESP,2020,15.532,236854,47359424,0.5001201028120612
Sweden,SWE,1991,3.243,25314,8617375,0.2937553489316642
Sweden,SWE,1992,5.722,20507,8668067,0.2365810047384267
Sweden,SWE,1993,9.33,32725,8718561,0.37534863838195315
Sweden,SWE,1994,9.58,51545,8780745,0.587023082893308
Sweden,SWE,1995,8.897,11621,8826939,0.13165379300797253
Sweden,SWE,1996,9.547,5773,8840998,0.06529805797942721
Sweden,SWE,1997,10.359,6047,8846062,0.0683581010397621
Sweden,SWE,1998,8.941,11325,8850974,0.1279520197438158
Sweden,SWE,2003,5.555,29161,8958229,0.3255219307298351
Sweden,SWE,2004,6.693,25842,8993531,0.28733986684429064
Sweden,SWE,2005,7.81,27030,9029572,0.29934973662096054
Sweden,SWE,2006,7.066,51675,9080505,0.5690762793478997
Sweden,SWE,2007,6.161,54907,9148092,0.6002016595373112
Sweden,SWE,2008,6.235,56452,9219637,0.6123017641583937
Sweden,SWE,2009,8.351,63638,9298515,0.68438885133809
Sweden,SWE,2010,8.61,51175,9378126,0.5456847135557786
Sweden,SWE,2011,7.804,46049,9449213,0.4873315904721377
Sweden,SWE,2016,6.99,119234,9923085,1.2015819677046
Sweden,SWE,2017,6.718,102671,10057698,1.0208200723465748
Sweden,SWE,2018,6.365,87517,10175214,0.860099846548682
Sweden,SWE,2019,6.833,72619,10278887,0.706486996111544
Sweden,SWE,2020,8.291,37302,10353442,0.3602859802566142
Switzerland,CHE,1991,1.818,69738,6799978,1.0255621415245755
Switzerland,CHE,1992,2.344,42014,6875364,0.61108037334459675
Switzerland,CHE,1993,3.551,40267,6938265,0.5803612286356892
Switzerland,CHE,1994,3.58,30274,6993795,0.4328694221091696
Switzerland,CHE,1995,3.094,25343,7040687,0.3599506695866469
Switzerland,CHE,1996,3.684,-131,7071850,-0.0018524148560843342
Switzerland,CHE,1997,4.127,-1939,7088906,-0.02735259855328876
Switzerland,CHE,1998,3.568,11325,7110001,0.15928267801931392
Switzerland,CHE,2003,4.117,42567,7339001,0.5800108216363508
Switzerland,CHE,2004,4.316,39484,7389625,0.5343166940135663
Switzerland,CHE,2005,4.437,33203,7437115,0.44645000110930105
Switzerland,CHE,2006,3.995,37308,7483934,0.49850787032595423
Switzerland,CHE,2007,3.641,72475,7551117,0.9597917765014103
Switzerland,CHE,2008,3.35,94430,7647675,1.2347543534472896
Switzerland,CHE,2009,4.109,69324,7743831,0.8952158175972591
Switzerland,CHE,2010,4.808,76388,7824909,0.9762158256409116
Switzerland,CHE,2011,4.409,67194,7912398,0.8492242174875428
Switzerland,CHE,2016,4.918,71009,8373338,0.8480369477501087
Switzerland,CHE,2017,4.797,45658,8451840,0.5402137286082084
Switzerland,CHE,2018,4.713,41253,8514329,0.4845126374609203
Switzerland,CHE,2019,4.394,44517,8575280,0.5191317368062617
Switzerland,CHE,2020,4.817,55523,8638167,0.6427636789147513
Turkiye,TUR,1991,8.21,-69982,57009887,-0.12275414613609038
Turkiye,TUR,1992,8.509,-49923,57990118,-0.08608880568237505
Turkiye,TUR,1993,8.962,-35245,58999167,-0.059738131557009945
Turkiye,TUR,1994,8.577,-37762,60033836,-0.06290119458633295
Turkiye,TUR,1995,7.644,-149737,61024503,-0.2453719287152572
Turkiye,TUR,1996,6.629,-179423,61951134,-0.2896202029167053
Turkiye,TUR,1997,6.841,-208465,62852966,-0.3316709031678791
Turkiye,TUR,1998,6.888,-231744,63734383,-0.3636090742417637
Turkiye,TUR,2003,10.542,-121383,67831730,-0.17894722720473147
Turkiye,TUR,2004,10.838,-146574,68592617,-0.21368772093941246
Turkiye,TUR,2005,10.636,-174177,69329557,-0.2512305105310279
Turkiye,TUR,2006,10.227,-190194,70045349,-0.2715298056406286
Turkiye,TUR,2007,10.285,-186402,70158112,-0.2656884495409455
Turkiye,TUR,2008,10.965,47915,71051678,0.06743683097815086
Turkiye,TUR,2009,14.026,24276,72039206,0.03369831699699744
Turkiye,TUR,2010,11.879,55532,73142150,0.07592339027496457
Turkiye,TUR,2011,9.789,68849,74223629,0.09275887062865115
Turkiye,TUR,2016,10.899,352063,79277962,0.4440868447148023
Turkiye,TUR,2017,10.919,659846,80312698,0.8215961067576139
Turkiye,TUR,2018,10.956,187570,81407204,0.23040958389874194
Turkiye,TUR,2019,13.73,-15690,82579440,-0.018999886654595868
Turkiye,TUR,2020,13.148,37934,83384680,0.04549276917534492
United Kingdom,GBR,1991,8.55,27601,57424897,0.04806451807828231
United Kingdom,GBR,1992,9.772,17846,57580402,0.030993184104550018
United Kingdom,GBR,1993,10.346,27403,57718614,0.047476885013212546
United Kingdom,GBR,1994,9.648,45339,57865745,0.0783520543976406
United Kingdom,GBR,1995,8.694,61385,58019030,0.1058014930618454
United Kingdom,GBR,1996,8.189,54964,58166950,0.09449352252438885
United Kingdom,GBR,1997,7.072,59723,58316954,0.10241104156434508
United Kingdom,GBR,1998,6.198,125541,58487141,0.21464718201903563
United Kingdom,GBR,2003,4.807,211846,59647577,0.35516279227905606
United Kingdom,GBR,2004,4.594,276077,59987905,0.4602211062379991
United Kingdom,GBR,2005,4.835,308279,60401206,0.5103855045543295
United Kingdom,GBR,2006,5.411,288923,60846820,0.47483664717400187
United Kingdom,GBR,2007,5.342,309385,61322463,0.5045214834244346
United Kingdom,GBR,2008,5.705,263390,61806995,0.4261491761571647
United Kingdom,GBR,2009,7.627,249639,62276270,0.40085734100645404
United Kingdom,GBR,2010,7.924,274811,62766365,0.43783163163901556
United Kingdom,GBR,2011,8.169,228773,63258810,0.3616460695356109
United Kingdom,GBR,2016,4.867,324649,65607000,0.4948389653543067
United Kingdom,GBR,2017,4.452,272311,65966000,0.4128050814055726
United Kingdom,GBR,2018,4.12,259744,66289000,0.39183574952103667
United Kingdom,GBR,2019,3.613,232727,66631000,0.34927736338941334
United Kingdom,GBR,2020,4.472,144221,66744000,0.2160808462183867
United States,USA,1991,6.8,1202426,252981000,0.47530288835920487
United States,USA,1992,7.5,1304880,256514000,0.5086973810396314
United States,USA,1993,6.9,1228478,259919000,0.47263878362105116
United States,USA,1994,6.119,1179309,263126000,0.44819174083898966
United States,USA,1995,5.65,1173016,266278000,0.4405230623633946
United States,USA,1996,5.451,1141648,269394000,0.4237837516796959
United States,USA,1997,5,1116922,272657000,0.40964361817228234
United States,USA,1998,4.511,1225134,275854000,0.44412406562891965
United States,USA,2003,5.989,1331376,290107933,0.4589243686762609
United States,USA,2004,5.529,1313467,292805298,0.4485803395538287
United States,USA,2005,5.084,1369224,295516599,0.4633323490569814
United States,USA,2006,4.623,1347750,298379912,0.45168925446965075
United States,USA,2007,4.622,1371353,301231207,0.45524931286418807
United States,USA,2008,5.784,1416841,304093966,0.4659221025122215
United States,USA,2009,9.254,1387306,306771529,0.45222775546423016
United States,USA,2010,9.633,1594453,309378227,0.5153733717660746
United States,USA,2011,8.949,1624033,311839461,0.5207913696336206
United States,USA,2016,4.869,1889129,324353340,0.5824293346262444
United States,USA,2017,4.355,1864738,326608609,0.5709396349684095
United States,USA,2018,3.896,1764961,328529577,0.5372304728593736
United States,USA,2019,3.669,1774500,330226227,0.5373588936653417
United States,USA,2020,8.055,329769,331577720,0.09945451099669786
