Series Name,Series Code,Country Name,Country Code,1991 [YR1991],1992 [YR1992],1993 [YR1993],1994 [YR1994],1995 [YR1995],1996 [YR1996],1997 [YR1997],1998 [YR1998],1999 [YR1999],2000 [YR2000],2001 [YR2001],2002 [YR2002],2003 [YR2003],2004 [YR2004],2005 [YR2005],2006 [YR2006],2007 [YR2007],2008 [YR2008],2009 [YR2009],2010 [YR2010],2011 [YR2011],2012 [YR2012],2013 [YR2013],2014 [YR2014],2015 [YR2015],2016 [YR2016],2017 [YR2017],2018 [YR2018],2019 [YR2019],2020 [YR2020]
Net migration,SM.POP.NETM,Africa Eastern and Southern,AFE,-539801,-208254,250990,-153050,-283365,-719150,-760003,-225429,-471938,-688533,-592931,-531528,-517323,-472255,-568306,-581942,-530023,-438568,-479929,-413050,-712363,-174216,-91530,-414158,151528,-799850,340934,327087,100706,340127
Net migration,SM.POP.NETM,Africa Western and Central,AFW,-43861,39360,-271392,-117487,96446,-99789,147489,146647,-104687,29309,1062,4172,-72858,-15775,-127048,-213837,-217242,-252742,-245845,-310519,-223577,-509144,-373991,-181414,-247654,50874,-72945,-178068,-270812,-39974
Net migration,SM.POP.NETM,Arab World,ARB,-277703,-49421,830289,-98479,52606,-157055,135363,184835,130302,468890,349835,426252,183300,453391,548882,705074,1108146,872244,504368,156222,223817,577194,735533,575497,364082,132220,-994068,-591361,-51896,-280925
Net migration,SM.POP.NETM,Caribbean small states,CSS,-35417,-31271,-32863,-27678,-22740,-22034,-21260,-20367,-19769,-20051,-17513,-14717,-12372,-16581,-16904,-15868,-15915,-15915,-15529,-16092,-14685,-8556,-6395,-8043,-6976,-6612,-4667,64330,-40925,-2468
Net migration,SM.POP.NETM,Central Europe and the Baltics,CEB,-256676,-377048,-256064,-231755,-228410,-216086,-224598,-208220,-200276,-196924,-130075,-119846,-122185,-161032,-195739,-193602,-169376,-190262,-173417,-103905,-141804,-78436,-53400,-50434,-70563,-112017,-105389,-5347,36399,79111
Net migration,SM.POP.NETM,Early-demographic dividend,EAR,-562975,-1587026,-2672434,-4220330,-859564,167717,-668291,-1382724,-1974316,-1662886,-2270822,-4416227,-2529975,-2045629,-3054076,-1654859,-2261490,-4140674,-2549650,-2324365,-3435478,-3905532,-4477911,-3657459,-3634629,-5251285,-5100703,-5097600,-3682277,-2085062
Net migration,SM.POP.NETM,East Asia & Pacific,EAS,-737242,231993,-353094,-343989,75959,405997,454195,550618,-183876,-65727,-309339,-1009626,-958969,-1067145,-319362,-348736,-163075,-83945,163850,268353,41658,812582,343334,169408,-211377,661801,638078,495816,87628,-27575
Net migration,SM.POP.NETM,East Asia & Pacific (excluding high income),EAP,-841889,144582,-456650,-489036,-58220,231802,281314,398779,-316682,-180196,-555874,-1199125,-1130524,-1296139,-644475,-844152,-763351,-719190,-375018,-193531,-655632,87349,-351854,-528520,-1000530,-123501,-126551,-255673,-645228,-105012
Net migration,SM.POP.NETM,East Asia & Pacific (IDA & IBRD countries),TEA,-841696,144654,-456651,-488504,-55069,235422,285147,402548,-313223,-177170,-553177,-1196542,-1127935,-1293512,-642081,-841793,-760937,-716760,-372591,-191116,-653286,89843,-349002,-525554,-997419,-120419,-123475,-252614,-642303,-103641
Net migration,SM.POP.NETM,Euro area,EMU,894517,1128286,693657,980927,101200,523013,367895,-368195,789930,755183,967566,1589466,1646907,1525801,1331335,718595,1565021,1097036,664668,566966,611467,383020,483665,686958,1404881,915891,1052782,1245870,1315824,984118
Net migration,SM.POP.NETM,Europe & Central Asia,ECS,490542,-1152430,80587,885171,-115098,91031,-316289,-1326106,294627,755617,784227,2691772,1705322,1526958,1213762,847456,1687859,1397409,1013530,1059732,1061485,1015653,1397555,2153574,3131478,2054153,2358700,1964911,1850271,1538379
Net migration,SM.POP.NETM,Europe & Central Asia (excluding high income),ECA,-485732,-1046164,-1126234,-1390793,-943167,-986186,-1177326,-1535851,-951345,-657772,-596927,-461874,-406473,-499111,-635706,-429284,-588331,-389071,-317840,-292154,-202066,29785,186549,697221,794379,159523,478993,-43852,-192835,-72867
Net migration,SM.POP.NETM,Europe & Central Asia (IDA & IBRD countries),TEC,-603717,-2454263,-810873,-308895,-419962,-590371,-844763,-1199784,-782766,-289583,-456543,771594,-276474,-391399,-549089,-326905,-414411,-225987,-131572,-13003,9670,251680,446344,916689,1115543,526794,770330,233990,108051,273560
Net migration,SM.POP.NETM,European Union,EUU,741577,953041,618277,925723,14377,429796,251134,-469967,672703,673775,902221,1523588,1583811,1430224,1220827,610067,1481382,1020991,627112,656784,609533,414115,559014,777635,1510501,1025819,1145236,1355231,1415454,1066639
Net migration,SM.POP.NETM,Fragile and conflict affected situations,FCS,-328231,1383379,1374211,2587544,-184256,-1578852,-1069391,-191417,-705142,-1412740,-726235,402741,-332350,-608840,-367574,-979016,-1494569,-340445,-355441,-646056,-911194,-557333,-1266601,-1895587,-2497402,-1301855,-1908813,-1428886,-1471508,-403489
Net migration,SM.POP.NETM,Heavily indebted poor countries (HIPC),HPC,-664389,751357,979076,260167,-170944,-824851,-780255,-315907,-731582,-1737001,-997638,33071,-637639,-1057715,-612149,-1053583,-1860205,-779262,-1052886,-1400560,-948615,-1082696,-769079,-68218,-649236,564280,484322,-158184,-444013,65595
Net migration,SM.POP.NETM,High income,HIC,3278042,1782318,2918541,3952446,2549726,2953713,2708726,2146774,3128824,3677997,3875476,5605890,4519865,4508522,4614769,4571445,6066980,5407584,4436252,4497497,5231554,4838551,4977684,5307965,6415028,5585732,4276636,4437514,5055109,1946026
Net migration,SM.POP.NETM,IBRD only,IBD,..,..,..,..,..,..,..,..,..,..,..,..,..,..,..,..,..,..,..,..,..,..,..,..,..,..,..,..,..,..
Net migration,SM.POP.NETM,IDA & IBRD total,IBT,-3407713,-3195697,-2605157,-2868452,-2025378,-2559807,-2366526,-1768826,-2914226,-3280475,-3695841,-4322031,-4336082,-4350737,-4480538,-4439445,-5858996,-5183254,-4172949,-4140909,-4932936,-4516794,-4624153,-4975305,-5973986,-5020500,-3697290,-3768680,-4539143,-1539243
Net migration,SM.POP.NETM,IDA blend,IDB,..,..,..,..,..,..,..,..,..,..,..,..,..,..,..,..,..,..,..,..,..,..,..,..,..,..,..,..,..,..
Net migration,SM.POP.NETM,IDA only,IDX,..,..,..,..,..,..,..,..,..,..,..,..,..,..,..,..,..,..,..,..,..,..,..,..,..,..,..,..,..,..
Net migration,SM.POP.NETM,IDA total,IDA,..,..,..,..,..,..,..,..,..,..,..,..,..,..,..,..,..,..,..,..,..,..,..,..,..,..,..,..,..,..
Net migration,SM.POP.NETM,Late-demographic dividend,LTE,-562318,-1978310,-958723,-615441,-367653,-274348,-253574,225323,228644,278368,-216173,249189,-738745,-876810,-138407,342172,481855,327813,-104204,-161751,235006,618392,1044883,550663,-52807,942240,752433,603525,-414338,58625
Net migration,SM.POP.NETM,Latin America & Caribbean,LCN,-843352,-713395,-894520,-868564,-889221,-893009,-892425,-737369,-847120,-979917,-1051679,-1060408,-1085184,-1075616,-1084396,-1011455,-876230,-870767,-892927,-880978,-818815,-816232,-763649,-804470,-807387,-585141,-773087,-744817,-863096,-598237
Net migration,SM.POP.NETM,Latin America & Caribbean (excluding high income),LAC,-817330,-693732,-874426,-849912,-872413,-877658,-875992,-730665,-836306,-944180,-1008553,-1018038,-1044161,-1031066,-1033646,-958035,-821788,-815151,-836413,-809545,-744314,-748427,-698782,-752804,-745789,-396239,-33296,259009,-38345,-96760
Net migration,SM.POP.NETM,Latin America & the Caribbean (IDA & IBRD countries),TLA,-819568,-686833,-862416,-832941,-852616,-858979,-847116,-697563,-810681,-935129,-1004237,-1013260,-1039253,-1036122,-1044472,-975972,-837126,-824037,-843735,-818622,-750560,-743972,-688419,-727017,-743824,-517909,-601947,-759719,-839329,-579889
Net migration,SM.POP.NETM,Least developed countries: UN classification,LDC,-790957,789045,831930,486223,-24390,-698325,-647387,-753270,-1319967,-2368123,-1823183,-901496,-1760505,-2266461,-1783438,-2252770,-3104599,-1986431,-2306169,-2291413,-1689255,-1829665,-1618359,-1793102,-2002281,-1391837,-1613378,-1457702,-1229408,-825923
Net migration,SM.POP.NETM,Low & middle income,LMY,-4144962,-1949975,-3067781,-4100903,-2654324,-3009301,-2712251,-2152411,-3155382,-3622807,-3850336,-5585398,-4496118,-4463760,-4542677,-4519443,-6040121,-5343192,-4396648,-4520702,-5285778,-4893609,-5006814,-5355467,-6387633,-5409462,-3521963,-3067029,-4057666,-1456873
Net migration,SM.POP.NETM,Low income,LIC,-1360199,768168,448381,-30360,-11464,-267126,-541116,-65899,-453908,-1428364,-495352,430615,-239163,-548322,-12287,253226,-507151,-505903,-410661,-745130,-665313,-1592125,-2511612,-2057563,-1875616,-473039,-583199,565019,275129,325494
Net migration,SM.POP.NETM,Lower middle income,LMC,-1163395,-819041,-712158,-983095,-612112,-827360,-425461,-495375,-1458252,-1196225,-2216072,-3689700,-3319152,-2903910,-3994492,-2509267,-2705918,-3736730,-3197526,-2945225,-3235602,-3772750,-2769023,-3364040,-4751620,-4010787,-3985519,-4219036,-3885755,-1835442
Net migration,SM.POP.NETM,"Middle East, North Africa, Afghanistan & Pakistan",MEA,712083,457296,98765,-104486,66223,151837,329289,459711,361296,177923,570816,171950,1191074,1059216,1615214,1531829,1032315,1126287,620772,-11724,337056,-759181,-1003423,-1342979,-2144774,-2404477,-3050174,-2093534,-1224013,-861862
Net migration,SM.POP.NETM,"Middle East, North Africa, Afghanistan & Pakistan (excluding high income)",MNA,-174300,79576,-167428,-340073,-222829,-269251,-99429,36908,-82943,-555424,-182315,-584332,436486,280218,716578,256378,-591227,-216491,-319598,-893742,-1101311,-2022249,-2176672,-2618767,-3469670,-2995643,-2365552,-1231800,-1188136,-507660
Net migration,SM.POP.NETM,"Middle East, North Africa, Afghanistan & Pakistan (IDA & IBRD)",TMN,-176416,75165,-173403,-347507,-231592,-279061,-109846,50054,-69083,-543928,-156663,-549294,472454,313071,744739,279823,-570890,-192506,-293692,-867391,-1074649,-1995333,-2149693,-2591690,-3446767,-2972869,-2340100,-1206659,-1163403,-495291
Net migration,SM.POP.NETM,Middle income,MIC,-2784763,-2718143,-3516162,-4070543,-2642860,-2742175,-2171135,-2086512,-2701474,-2194443,-3354984,-6016013,-4256955,-3915438,-4530390,-4772669,-5532970,-4837289,-3985987,-3775572,-4620465,-3301484,-2495202,-3297904,-4512017,-4936423,-2938764,-3632048,-4332795,-1782367
Net migration,SM.POP.NETM,North America,NAC,1336866,1443024,1361904,1314172,1314783,1296122,1261718,1367569,1314754,1450069,1534417,1544464,1516905,1507896,1573681,1549754,1585181,1654956,1631767,1819621,1850912,1875518,1903573,1865383,1946342,2218584,2237644,2185487,2162471,586647
Net migration,SM.POP.NETM,Not classified,INX,..,..,..,..,..,..,..,..,..,..,..,..,..,..,..,..,..,..,..,..,..,..,..,..,..,..,..,..,..,..
Net migration,SM.POP.NETM,OECD members,OED,2078130,2307677,1815819,2143215,1101114,1473881,1255463,734998,1890659,2009988,2391044,3129937,3147001,3035699,2999002,2507152,3662066,3593650,3116316,3383262,3520724,3340578,3775404,4537892,5501587,4775975,5639570,5388364,5032997,2244004
Net migration,SM.POP.NETM,Other small states,OSS,3850,-172229,-33768,-101026,-41029,-12949,2951,1792,-257784,40886,52693,38056,-25208,-25552,-7830,412,4869,-278,-8314,-8109,-5216,-10354,-7622,651,8510,6567,24787,29734,31956,21631
Net migration,SM.POP.NETM,Pacific island small states,PSS,-22179,-21405,-22272,-23298,-24673,-21936,-16952,-17622,-18232,-20016,-20237,-21008,-21785,-22197,-22831,-23232,-23868,-26530,-25439,-16112,-16657,-16637,-16885,-16674,-16231,-15574,-14350,-14446,-23261,-12012
Net migration,SM.POP.NETM,Post-demographic dividend,PST,2492996,2634090,2218113,2293846,1689093,2101992,1824002,1230380,2348869,2474571,2874403,3541981,3608494,3522829,3405862,3163212,4105920,3787059,3250346,3303884,3516833,3316259,3522180,3660325,4643836,4371750,4407320,4521154,4489727,1868759
Net migration,SM.POP.NETM,Pre-demographic dividend,PRE,-1346221,947438,1445552,2581693,-430127,-1968502,-886813,224951,-434403,-1024016,-377233,655419,-297428,-566874,-183999,-1860279,-2325643,33652,-596324,-792863,-320754,-38658,-84153,-529500,-896912,-66008,-62669,-17961,-357440,178643
Net migration,SM.POP.NETM,Small states,SST,-53746,-224905,-88903,-152002,-88442,-56919,-35261,-36197,-295785,819,14943,2331,-59365,-64330,-47565,-38688,-34914,-42723,-49282,-40313,-36558,-35547,-30902,-24066,-14697,-15619,5770,79618,-32230,7151
Net migration,SM.POP.NETM,South Asia,SAS,-382654,-105526,-281412,-620068,-279220,-247879,-237434,-245299,-361848,-675441,-933352,-1807173,-1774693,-1454745,-2294281,-1778819,-2528367,-2532654,-1805585,-1527208,-1528171,-1435652,-1417862,-1452161,-1805393,-1187121,-1670087,-1932697,-1832053,-934135
Net migration,SM.POP.NETM,South Asia (IDA & IBRD),TSA,-382654,-105526,-281412,-620068,-279220,-247879,-237434,-245299,-361848,-675441,-933352,-1807173,-1774693,-1454745,-2294281,-1778819,-2528367,-2532654,-1805585,-1527208,-1528171,-1435652,-1417862,-1452161,-1805393,-1187121,-1670087,-1932697,-1832053,-934135
Net migration,SM.POP.NETM,Sub-Saharan Africa,SSF,-583662,-168894,-20402,-270537,-186919,-818939,-612514,-78782,-576625,-659224,-591869,-527356,-590181,-488030,-695354,-795779,-747265,-691310,-725774,-723569,-935940,-683360,-465521,-595572,-96126,-748976,267989,149019,-170106,300153
Net migration,SM.POP.NETM,Sub-Saharan Africa (excluding high income),SSA,-1443057,-328711,-161631,-411021,-278475,-860129,-603384,-76283,-606258,-609794,-573315,-514856,-576753,-462917,-651147,-765531,-747057,-670635,-742194,-804522,-1054284,-804415,-548193,-700436,-160630,-866481,194530,137984,-161069,259561
Net migration,SM.POP.NETM,Sub-Saharan Africa (IDA & IBRD countries),TSS,-583662,-168894,-20402,-270537,-186919,-818939,-612514,-78782,-576625,-659224,-591869,-527356,-590181,-488030,-695354,-795779,-747265,-691310,-725774,-723569,-935940,-683360,-465521,-595572,-96126,-748976,267989,149019,-170106,300153
Net migration,SM.POP.NETM,Upper middle income,UMC,-1621368,-1899102,-2804004,-3087448,-2030748,-1914815,-1745674,-1591137,-1243222,-998218,-1138912,-2326313,-937803,-1011528,-535898,-2263402,-2827052,-1100559,-788461,-830347,-1384863,471266,273821,66136,239603,-925636,1046755,586988,-447040,53075
Net migration,SM.POP.NETM,World,WLD,0,0,0,0,0,0,0,0,0,0,0,0,0,0,0,0,0,0,0,0,0,0,0,0,0,0,0,0,0,0
Net migration,SM.POP.NETM,Afghanistan,AFG,32782,1197329,1149684,315206,52505,4072,-21215,7380,-32400,-1025973,-212872,860349,247317,-269194,250971,57673,-851298,215753,-60602,-167460,384486,68628,18119,233913,-286314,-143049,-71491,-36753,9159,143634
Net migration,SM.POP.NETM,Albania,ALB,-63689,-66538,-68445,-70165,-69785,-68076,-66188,-66087,-63093,-60531,-48070,-45178,-48517,-48654,-48893,-48882,-49770,-50619,-51657,-51907,-18630,-19845,-20681,-21706,-20500,-9347,-14901,-15032,-23094,-16680
Net migration,SM.POP.NETM,Algeria,DZA,-6945,44102,14289,430,37817,71139,87582,-13991,-5657,-16454,-26539,-36255,-39421,-38648,-51345,-44138,-25046,-2101,-4458,-10788,-20108,-26763,-30052,-30064,-27638,-6438,-14403,-27146,-27786,-10798
Net migration,SM.POP.NETM,American Samoa,ASM,-420,-491,-568,-523,-449,-407,-412,-459,-536,-1068,-1332,-1412,-1488,-1544,-1529,-1460,-1388,-1342,-1281,-1261,-1298,-1332,-1354,-1367,-1366,-1349,-1305,-1256,-1212,-653
Net migration,SM.POP.NETM,Andorra,AND,4121,2061,3137,-1402,-956,154,343,94,-365,-503,155,528,4924,4248,1317,2293,1566,947,-885,-6194,-363,-2201,-1642,-1734,-1873,1415,1357,1143,1245,572
Net migration,SM.POP.NETM,Angola,AGO,46143,53310,52879,61569,55568,61681,67944,70527,70301,72793,77458,82292,80828,90553,87050,95431,100563,100370,105077,122418,128800,130643,124478,84535,74171,91614,77731,61632,58984,7556
Net migration,SM.POP.NETM,Antigua and Barbuda,ATG,225,424,507,535,555,505,489,456,386,263,139,40,32,93,196,315,371,369,338,291,243,196,145,97,44,0,0,0,0,0
Net migration,SM.POP.NETM,Argentina,ARG,-8537,-13201,-16455,-18723,-19815,-20486,-20651,-20326,-20220,-22775,-23687,-22674,-22450,-22381,-22068,-20109,-18099,-12517,-7882,-5003,-1117,2978,5275,5794,5464,5215,4931,5742,5397,292
Net migration,SM.POP.NETM,Armenia,ARM,5422,-196270,-126963,-112569,-50223,-51023,-51640,-55171,-51871,-52780,-51303,-27792,-29616,-30103,-29921,-29921,-29980,-29732,-30357,-30009,-17296,-16782,-16265,-15745,-15225,-14697,-14180,-13129,-14330,-13046
Net migration,SM.POP.NETM,Aruba,ABW,1949,1294,1660,1664,1782,1813,1867,1958,2010,1226,566,349,329,326,594,634,672,703,743,501,333,317,315,333,373,405,434,431,420,0
Net migration,SM.POP.NETM,Australia,AUS,68847,40767,23833,51941,80456,82965,67661,81310,92900,111186,117552,108852,104437,110072,131371,191985,249873,275773,235628,166752,197657,235776,215823,200177,212350,254648,255023,226412,207142,44447
Net migration,SM.POP.NETM,Austria,AUT,77417,71451,33688,3113,1890,4077,1589,8702,19949,17631,39866,37508,44362,55007,50676,25787,24616,25405,18222,22570,31887,45014,56726,74375,115175,65976,45478,35296,41090,39601
Net migration,SM.POP.NETM,Azerbaijan,AZE,-49814,-23984,-12224,21376,32139,42667,24475,13101,5300,15938,16252,15068,13153,13486,16431,16909,17112,15047,883,1373,1686,1986,2291,1073,1073,4671,-11324,-37559,384,1073
Net migration,SM.POP.NETM,"Bahamas, The",BHS,412,433,445,454,460,454,445,437,418,845,290,636,949,1030,804,1735,1727,1474,1613,1898,1381,1047,1002,1002,1002,1002,1002,1002,1002,0
Net migration,SM.POP.NETM,Bahrain,BHR,4562,2768,2850,3387,3842,4162,4036,3733,3130,2886,34371,45952,45571,45413,45682,46615,47500,47674,46467,-19329,-26107,12801,35574,40815,36809,46833,21958,-25978,-31967,-5048
Net migration,SM.POP.NETM,Bangladesh,BGD,-230852,-246914,-271677,-206958,-231304,-254239,-273442,-286966,-286256,-512422,-737740,-819909,-896335,-970264,-1036635,-1091865,-1133553,-1158420,-1150194,-1113727,-848910,-829875,-862944,-889222,-909223,-918770,-1037176,-1029069,-1016796,-1002522
Net migration,SM.POP.NETM,Barbados,BRB,-1108,-1076,-1080,-1096,-1141,-1164,-1122,-1068,-1215,-2628,199,308,248,273,330,317,308,526,296,-36,-54,-64,-65,-65,-65,-65,-65,-65,-65,0
Net migration,SM.POP.NETM,Belarus,BLR,-5876,29477,19652,-12570,481,5205,-235,13192,2028,1812,-4469,-11945,-10795,-10424,-15451,-8303,-4013,-495,13610,10300,5686,10903,10550,14979,18088,8272,3337,8615,-33954,-33954
Net migration,SM.POP.NETM,Belgium,BEL,27038,25941,18542,17636,1937,15684,10262,12517,16849,13952,34924,39404,34472,35143,50576,53574,59911,66470,97175,105232,52464,45001,28066,37472,63536,28090,37981,50604,58469,43777
Net migration,SM.POP.NETM,Belize,BLZ,-1699,-1634,-1521,-798,273,1365,2072,2153,1968,1675,1640,1739,1870,1980,2073,2321,2521,2627,2728,1639,1582,1524,1505,1456,1596,3313,1705,187,-606,64
Net migration,SM.POP.NETM,Benin,BEN,0,-138,156223,-85128,-45469,-16490,-1322,2051,3177,3335,3732,3572,4283,4173,30495,-15135,241,3198,4279,3947,4283,1260,-887,3667,3369,3837,3716,3372,3366,1729
Net migration,SM.POP.NETM,Bermuda,BMU,-23,23,0,0,-51,-79,118,89,101,-50,-138,-114,-114,-182,-69,-171,27,32,-2,-201,-196,-237,-125,-99,-117,0,221,302,286,286
Net migration,SM.POP.NETM,Bhutan,BTN,-9522,-65900,-9800,-17997,-21501,-1998,-1994,486,3542,3940,3874,3996,3921,3642,848,-1283,-1553,-1538,-1305,-922,-464,20,309,452,450,1116,287,287,287,287
Net migration,SM.POP.NETM,Bolivia,BOL,-23982,-25005,-26856,-27621,-28204,-28685,-28566,-28378,-28074,-26940,-24405,-22188,-19621,-17385,-15594,-14107,-13669,-13418,-13055,-12590,-12106,-11689,-11369,-10971,-10525,-10071,-9669,-9344,-8981,-4663
Net migration,SM.POP.NETM,Bosnia and Herzegovina,BIH,-26483,-436814,-178416,-157427,126914,173193,80133,24335,25495,8138,9055,-13312,-27396,-68008,-37086,-38622,-65335,-68140,-68182,-67228,-64875,-66378,-37002,-35683,-33948,-32173,-30650,-29147,-27841,-26840
Net migration,SM.POP.NETM,Botswana,BWA,4311,8026,8441,9023,9464,9368,9597,9685,9762,9798,7991,4747,4488,4314,4283,4270,3926,4343,4960,5151,-1019,-6636,-7836,-8893,-9599,-10286,-10916,-11623,-11770,-11330
Net migration,SM.POP.NETM,Brazil,BRA,-66600,14394,-69070,-68961,-69963,-71943,-72392,21666,-23497,-45800,-51600,-42008,-55350,-76661,-88868,-90634,-107481,-141056,-220207,-261539,-235860,-179707,-157228,-145732,-173611,-92989,-156296,-230334,-129216,-78437
Net migration,SM.POP.NETM,British Virgin Islands,VGB,229,178,203,243,245,244,244,334,308,313,444,567,587,589,654,704,730,793,756,-125,1915,1088,1367,835,1904,-3433,891,2913,419,888
Net migration,SM.POP.NETM,Brunei Darussalam,BRN,1087,969,1082,1206,1348,1464,1533,1566,1639,1660,1569,1499,1383,1261,1163,1030,2291,2409,2489,2479,1399,346,285,303,356,415,440,450,456,462
Net migration,SM.POP.NETM,Bulgaria,BGR,-119356,-120552,-19973,-20984,-22020,-21520,-22963,-23262,-23846,-26211,-30726,-12735,-13183,-13604,-14435,-15184,-16366,-17595,-19060,-21668,-23360,-26334,-1324,-2180,-4227,-9482,-6109,-3873,-2156,30167
Net migration,SM.POP.NETM,Burkina Faso,BFA,-50451,-45003,-43784,-37554,-38943,-44314,-37200,-5367,-1922,3877,10654,16076,15359,17570,9795,-4218,-28202,-40725,-40148,-42055,-33391,-20930,-33212,-17984,-19726,-7598,-14780,-23938,-25240,-5661
Net migration,SM.POP.NETM,Burundi,BDI,-39236,35769,-684261,516373,-84697,-226317,-84126,13840,-34465,-40032,9967,-16871,36719,47091,17905,15322,22129,79319,184359,11845,-19513,22617,-2285,-6856,-236207,-109296,-68349,68141,14253,-10189
Net migration,SM.POP.NETM,Cabo Verde,CPV,-2924,-3231,-3393,-3299,-3125,-3297,-3211,-3332,-3371,-2772,-2528,-2751,-2898,-2993,-2768,-2408,-2200,-2340,-2618,-5069,-7226,-6779,-6622,-6578,-6226,-6004,-5550,-4679,-4001,-3362
Net migration,SM.POP.NETM,Cambodia,KHM,58264,275823,187883,488732,503042,508187,504742,-33781,-47608,-50957,-53815,-55245,-57026,-58972,-60473,-60315,-68653,-50809,-49354,-49781,-50941,-52874,-54554,-56536,-58101,-51324,-74362,-86702,-57268,0
Net migration,SM.POP.NETM,Cameroon,CMR,-14520,-13702,-9601,-12028,-12661,-12738,-13842,-12446,-17398,-21221,-19203,-10766,-18568,-19444,-27775,-28528,-10807,-10720,-10203,-9366,-12669,-7523,-6900,96599,42008,13255,-37912,-9184,-12255,-9888
Net migration,SM.POP.NETM,Canada,CAN,134463,138121,133426,134863,141818,154553,144678,142346,158342,201727,222100,208060,185643,194611,204526,202175,213801,238083,244463,225369,227075,243748,239813,192884,224332,329455,372685,420224,387685,256592
Net migration,SM.POP.NETM,Cayman Islands,CYM,982,1020,1040,1042,1039,1026,1004,974,960,1021,1026,1019,1003,1004,1002,997,990,975,951,978,1024,1060,1077,1105,1107,1094,1065,1011,859,810
Net migration,SM.POP.NETM,Central African Republic,CAF,4381,9269,9930,9496,-12986,2697,2034,4479,6284,8079,-33006,5992,-18097,-16510,-13604,-41282,-30352,-28983,-28899,-43126,-86281,-111764,-112382,-174051,-63045,-52607,-58584,-52954,-36849,-24745
Net migration,SM.POP.NETM,Chad,TCD,112492,6013,-146386,986,152232,1259,3631,2232,17175,-3845,3484,20400,105140,110387,19281,23052,-11339,36446,9108,10427,29256,9514,51887,20842,-48918,21540,16916,46661,-29451,36605
Net migration,SM.POP.NETM,Channel Islands,CHI,311,-109,-39,-184,-291,236,296,267,207,169,679,802,774,768,810,805,765,745,764,742,705,741,696,721,432,307,666,890,900,858
Net migration,SM.POP.NETM,Chile,CHL,-2207,0,1164,1930,2454,2942,3504,10984,8226,7067,6346,7824,9225,11495,14289,17285,20170,22488,24324,26048,28086,30870,36529,52702,55689,135864,220621,237807,181339,26042
Net migration,SM.POP.NETM,China,CHN,-544650,-142985,-373316,-723641,-365986,-250750,-279251,-40472,-96102,-62622,-176419,-761291,-613223,-770977,-103701,-759559,-1042019,-764370,-177135,-184144,-416189,-58864,-188951,-371108,-646941,-153056,-94625,-198206,-656091,-91577
Net migration,SM.POP.NETM,Colombia,COL,-48458,-15147,-30103,-16023,-33097,-28251,-23600,-8186,-22698,-27878,-28582,-24387,-33114,-25949,-41465,-39303,-49634,-63313,-46901,-34220,-46385,-56070,-64789,-67522,-41123,104373,431072,495524,396826,227130
Net migration,SM.POP.NETM,Comoros,COM,-3323,-5198,-5196,-5024,-4951,-4805,-4508,-4194,-3490,-2557,-2029,-1925,-4112,-2455,-2760,-3020,-3147,-3294,-3553,-3832,-3897,-3835,-2365,-2667,-2815,-2938,-2920,-2917,-2916,-1766
Net migration,SM.POP.NETM,"Congo, Dem. Rep.",COD,86721,252666,240176,1232105,-273434,-777833,-527356,295560,109761,79340,26523,-17358,-106731,4260,20384,-29715,-99742,-82339,-46009,8823,40891,53668,121097,36966,-17711,440748,176290,-124246,-144920,-1633
Net migration,SM.POP.NETM,"Congo, Rep.",COG,1966,0,10218,1850,3747,1085,-20704,10500,2470,79780,-764,-16140,26280,25412,38337,35475,31239,1774,86014,12318,5262,-26643,-24605,-21598,-18207,-14783,-11601,-8856,-6268,-4472
Net migration,SM.POP.NETM,Costa Rica,CRI,10757,13069,14431,15587,16609,17393,16954,15556,13253,8826,7119,5812,5216,4856,4567,4321,4080,3794,3432,2357,1695,1587,1579,1589,1617,1649,1671,1673,1653,1029
Net migration,SM.POP.NETM,Cote d'Ivoire,CIV,92228,104006,113215,120247,124501,125556,124443,109961,-42777,-63843,-76679,-90503,-99880,-108869,-117342,-124651,-130079,-150037,-168027,-182689,-200010,-232712,-250964,-23011,522,18568,-796,5395,2043,-12390
Net migration,SM.POP.NETM,Croatia,HRV,-31968,-47865,-49615,-50444,-51882,-53688,-52897,-47931,-47418,-47629,19298,10306,12556,15445,10629,10852,8893,6495,1358,-3995,-17463,-4794,-6245,-13127,-27501,-32144,-44557,-25016,-13239,-8552
Net migration,SM.POP.NETM,Cuba,CUB,-20665,-21867,-24358,-27501,-29235,-26105,-35712,-33863,-31456,-24980,-23442,-25535,-24916,-16776,-16561,-12619,-19050,-29427,-35063,-34121,-35313,-36101,-37619,-39426,-24910,-24146,-23394,-23779,-23955,-11976
Net migration,SM.POP.NETM,Curacao,CUW,-2428,-2574,-2776,-2829,-2847,-2872,-2900,-2931,-2963,-2995,-982,1035,1014,1006,438,489,533,541,484,242,1516,1469,1283,1063,842,645,537,25592,-9595,992
Net migration,SM.POP.NETM,Cyprus,CYP,1294,2562,10520,10305,10549,10506,10696,10942,11023,10753,11283,12814,12786,12583,12616,12110,12332,11887,11555,11793,12566,12237,11914,11599,11277,10951,10632,10311,9983,9653
Net migration,SM.POP.NETM,Czechia,CZE,5568,6718,7197,6401,6459,6539,6664,6374,5965,4420,21749,26089,25997,26030,26203,26259,27887,29813,31270,34927,16841,5347,5427,6303,5037,5465,5747,5849,5553,4336
Net migration,SM.POP.NETM,Denmark,DNK,10827,11937,11411,10766,28958,17534,12269,11098,9520,10441,12192,9629,7228,5166,6887,10491,20560,25775,15551,17533,13495,16871,21359,27242,42284,33391,24561,18919,9488,10851
Net migration,SM.POP.NETM,Djibouti,DJI,21510,-65203,8896,-15756,-3163,2652,13625,10352,7046,5632,7629,5022,-5636,-5249,-3779,2719,1253,2148,2770,2129,2090,2104,2033,1900,1723,1623,1535,1435,1322,1300
Net migration,SM.POP.NETM,Dominica,DMA,-1183,-969,-1061,-984,-885,-838,-803,-805,-947,-973,-585,-248,-252,-254,-259,-316,-297,-264,-198,-206,307,-461,1376,-431,92,-2032,-234,-231,-228,-225
Net migration,SM.POP.NETM,Dominican Republic,DOM,-29351,-30262,-30719,-29610,-29873,-30018,-30034,-30108,-30228,-33256,-36441,-36575,-36657,-36851,-37063,-37170,-37076,-36723,-36561,-36587,-36687,-36737,-36673,-36543,-36375,-36219,-36069,-35934,-35797,-17957
Net migration,SM.POP.NETM,Ecuador,ECU,-32064,-29958,-41867,-44399,-45201,-46082,-47287,-42550,-43813,-40859,-35275,-28090,-22641,-20940,-16855,-12679,-9644,-8799,-8491,-8330,-8167,-7883,-6182,2273,14724,35461,53707,95482,54921,-10320
Net migration,SM.POP.NETM,"Egypt, Arab Rep.",EGY,-33952,74950,-35669,-36738,-38920,-44272,-45599,78858,22026,27873,556,11205,9854,-3044,-37129,-118055,-173021,-192199,-175191,-194100,126170,-2626,130305,-92801,-193298,-71604,-80000,20788,7050,6016
Net migration,SM.POP.NETM,El Salvador,SLV,-50622,-48232,-80736,-87318,-92912,-95977,-96820,-99293,-97475,-94861,-92389,-90908,-89146,-87466,-86501,-85789,-56857,-56086,-55966,-54688,-53433,-50546,-49087,-49126,-51278,-47491,-50608,-54163,-55144,-25213
Net migration,SM.POP.NETM,Equatorial Guinea,GNQ,3642,3867,4175,4664,5300,6003,6696,7307,7846,26695,26919,27198,27696,28578,15548,16889,18433,19925,21235,22027,17604,17860,18106,18058,17697,17107,16399,15581,14695,0
Net migration,SM.POP.NETM,Eritrea,ERI,-328546,-22293,33688,-25841,136105,-52421,-30768,-31951,-3769,-33133,41760,-6574,76703,-6374,-12835,-49998,-18131,17855,-24348,-13361,-32949,-43269,-33974,-75696,-52965,-55431,-38579,-21403,-29818,-14967
Net migration,SM.POP.NETM,Estonia,EST,-9712,-38391,-25501,-17984,-12655,-10540,-4066,-3296,1419,-3083,-3280,-2889,-3705,-3681,-5208,-5351,-2941,-2034,-2089,-3781,-3941,-3674,-2688,-674,4261,1081,5202,7089,5386,3694
Net migration,SM.POP.NETM,Eswatini,SWZ,7496,6011,-6692,-48259,-3023,-3049,-5911,-8505,-8421,-8563,-8788,-9209,-9595,-9863,-10330,-10923,-9271,-9822,-10989,-11334,-11596,-12294,-12664,-12724,-12582,-12481,-8658,-8546,-8439,-4242
Net migration,SM.POP.NETM,Ethiopia,ETH,859737,160106,141545,140715,91727,41456,-9119,-3011,29142,-49891,-19063,-12925,-13744,-25430,-44421,-30512,-381,-20780,16315,80213,116793,119517,80955,103122,62785,115823,71766,9302,-10807,38866
Net migration,SM.POP.NETM,Faroe Islands,FRO,-1256,-1280,-1321,-1310,61,51,81,109,70,301,342,327,325,319,-188,-179,-189,-206,-187,-780,32,8,48,85,499,541,634,676,670,548
Net migration,SM.POP.NETM,Fiji,FJI,-11603,-11802,-12071,-12300,-12448,-9902,-5318,-5654,-5892,-5909,-6167,-6106,-6411,-6484,-6523,-6562,-7406,-9812,-10052,-10354,-10396,-10114,-10703,-10493,-10401,-10441,-11607,-11738,-11873,-6008
Net migration,SM.POP.NETM,Finland,FIN,14515,9356,9036,3834,4325,3757,4925,4417,3604,2497,6241,5255,5929,6956,9251,10820,14027,15626,14877,14080,16798,17894,18164,15915,12655,17321,13356,11822,15671,17504
Net migration,SM.POP.NETM,France,FRA,35201,61964,16892,-4232,-17128,-21463,-15255,20216,169448,171637,179476,191373,195616,200629,191417,132512,91973,79528,58032,52644,70178,103287,116297,52342,-345,15548,102984,132925,71972,145593
Net migration,SM.POP.NETM,French Polynesia,PYF,-1096,-1173,-1304,-1271,-1184,-994,-455,-430,-734,-721,-712,-687,78,-6,-170,-383,-1110,-2940,-2886,-2917,-2601,-2182,-1744,-1953,-1899,-1802,-2183,-3802,-2816,-1443
Net migration,SM.POP.NETM,Gabon,GAB,990,990,1009,1110,1314,1555,1786,2055,2480,3086,3801,4582,5434,6830,8555,10382,12045,13441,15277,17274,18967,19973,19587,16565,12041,7398,4013,2886,2233,1506
Net migration,SM.POP.NETM,"Gambia, The",GMB,11530,9182,3131,-1586,-2797,-2948,-3098,-3291,-3493,-3670,-3882,-4067,-3713,-3636,-3209,-2666,-2320,-2204,-2259,-2456,-2360,-2332,-2476,-2793,-3224,-3486,-3696,-3944,-4186,-1949
Net migration,SM.POP.NETM,Georgia,GEO,-111958,-121647,-154788,-147551,-130201,-133999,-133250,-127962,-131768,-135046,-110969,-58531,-31075,-30614,-31216,-31729,-32142,-32463,-32757,-36608,-37847,-39290,-40117,-16047,-13321,-10588,-7889,-5176,-5412,-2738
Net migration,SM.POP.NETM,Germany,DEU,602638,811606,462096,315585,398077,281280,93281,-754469,219280,174594,272875,218795,142009,81735,81351,-489056,-24772,-23341,46533,130116,295282,199143,462384,592338,1175283,517480,452988,403908,319082,203468
Net migration,SM.POP.NETM,Ghana,GHA,-57878,-47736,-49792,-47120,-42558,-37113,-15409,-17564,-17304,-4206,36050,40573,28768,34433,21272,28536,32813,30506,22416,-3726,-720,1005,-2377,-6312,-13306,7009,-4913,-19375,-21857,-291
Net migration,SM.POP.NETM,Gibraltar,GIB,-504,-55,-80,-90,-115,-115,-131,-160,-176,-204,-282,342,343,338,328,288,273,256,248,255,213,155,209,189,171,401,421,442,475,514
Net migration,SM.POP.NETM,Greece,GRC,37917,41000,39829,42897,42674,43444,45671,47856,49930,54661,60387,25692,25323,29039,33297,27621,25400,27081,18182,2001,-31786,-65364,-59323,-46678,-43462,10484,10483,17938,36762,6353
Net migration,SM.POP.NETM,Greenland,GRL,-692,-748,-733,-696,-433,-463,-521,-486,-513,-229,-282,-313,-295,-311,-476,-480,-505,-522,-562,-46,-244,-553,-653,-702,-315,-342,-350,-330,-308,-328
Net migration,SM.POP.NETM,Grenada,GRD,-1130,-1015,-878,-853,-856,-845,-772,-490,-374,-376,-737,-587,-605,-621,-672,-672,-681,-683,-675,-665,-285,-197,-181,-181,-181,-181,-181,-181,-181,0
Net migration,SM.POP.NETM,Guam,GUM,-694,-772,-863,-895,-919,-1017,-1036,-1049,-931,-1501,-1736,-1581,-1800,-2035,-1942,-2162,-2253,-2177,-2040,-2450,-2604,-2996,-2809,-2929,-2937,-3212,-3121,-3021,-2967,-244
Net migration,SM.POP.NETM,Guatemala,GTM,-40868,-32093,-36848,-33462,-39917,-43501,-43377,-39104,-47325,-65197,-59536,-55247,-54701,-47409,-49636,-42118,-40632,-42624,-43046,-36076,-33238,-32624,-35698,-40409,-48179,-30980,-42779,-56487,-57746,-23927
Net migration,SM.POP.NETM,Guinea,GIN,66718,-3285,45616,-8826,18021,-4973,-107614,-30903,-46183,-77450,-155020,-33450,-36934,-56036,-71015,-48078,-34311,-32925,-34007,-31327,-29069,-32808,-29136,-22741,-15117,-14189,-13718,-9187,-3240,-4365
Net migration,SM.POP.NETM,Guinea-Bissau,GNB,1621,7531,8562,3174,-4376,-7369,-8176,-8163,-7686,-6971,-6239,-5712,-5487,-5144,-4662,-4142,-3676,-3313,-2821,-2257,-1760,-1442,-1395,-1393,-1393,-1392,-1398,-1396,-1395,-1394
Net migration,SM.POP.NETM,Guyana,GUY,-14949,-12844,-13137,-13426,-13614,-13871,-14019,-14155,-14115,-14090,-14050,-13116,-11551,-11938,-12290,-12575,-12906,-13143,-13425,-13655,-13920,-7152,-6907,-6710,-6527,-6309,-6107,30213,-20603,-1743
Net migration,SM.POP.NETM,Haiti,HTI,-27245,-27415,-27584,-27744,-27826,-27348,-27492,-27476,-27317,-27075,-26812,-26626,-26518,-26399,-26276,-26629,-26995,-27630,-27924,-28416,-29029,-29658,-30323,-31390,-32669,-33879,-34742,-34976,-34612,-33850
Net migration,SM.POP.NETM,Honduras,HND,-15509,-15583,-15559,-15246,-14707,-14049,-13344,-12638,-11753,-10757,-9744,-8816,-7982,-7083,-6190,-5450,-5039,-5039,-5196,-5419,-5664,-5891,-6091,-6293,-6509,-6681,-6778,-6764,-6546,-6199
Net migration,SM.POP.NETM,"Hong Kong SAR, China",HKG,75664,98211,95581,91059,88352,81906,77293,73563,65939,58755,31359,20893,17753,8169,-1488,10045,30540,25455,19080,8307,21655,35557,23826,20454,10547,10262,7963,-1225,-7170,-1800
Net migration,SM.POP.NETM,Hungary,HUN,16873,16238,15540,15159,14927,14605,14186,13568,12819,13414,10386,2822,13879,16637,16925,19890,13697,16166,17281,10592,1859,15286,5635,11581,13856,68,20200,34190,34339,9147
Net migration,SM.POP.NETM,Iceland,ISL,1145,-225,-194,-804,-1354,-511,225,1014,1165,1877,867,-333,-204,610,3925,5300,5254,1138,-4785,-2055,-1393,-277,1666,1139,1499,4128,8348,6638,5030,2498
Net migration,SM.POP.NETM,India,IND,-157911,35155,2364,-375253,-57297,-26388,880,-1049,-95320,-143960,-70346,-732419,-606970,-206660,-929454,-342177,-1037200,-1020047,-312905,-50905,-247017,-198935,-151372,-227263,-655085,81248,-251642,-589794,-978969,-73806
Net migration,SM.POP.NETM,Indonesia,IDN,3096,-2609,-3485,-2575,-1643,-1854,-4334,-11356,-28799,-42697,-64255,-83985,-97732,-77002,-76784,-75829,-77338,-81364,-73655,-57752,-40543,-28869,-27507,-27988,-28487,-28991,-29467,-29911,-30421,-18743
Net migration,SM.POP.NETM,"Iran, Islamic Rep.",IRN,-13059,-451945,-1696091,-297487,-220258,-92435,98009,218171,191988,300133,291692,-668962,700222,739996,765873,640932,-24950,-12184,211,-12849,-65924,-57823,-47322,-56042,-46239,66630,34849,-27946,-32794,-180680
Net migration,SM.POP.NETM,Iraq,IRQ,-95155,20292,581818,54355,40424,14652,15429,48446,69491,87624,14451,133839,-27236,69948,51019,-1206850,-824428,396792,120092,92779,261880,753907,474379,-5033,-22338,-113980,-21998,15775,-43919,29858
Net migration,SM.POP.NETM,Ireland,IRL,4944,1335,-3762,-3118,10019,9959,17425,16615,23592,31298,39220,34286,32220,49102,63983,94513,76465,18979,-18524,-26974,-26529,-22411,-12309,448,13376,18967,28883,33387,29663,15746
Net migration,SM.POP.NETM,Isle of Man,IMN,746,496,473,460,368,817,999,986,959,841,800,774,739,704,656,750,753,777,770,778,-61,-277,-291,-314,-315,113,284,266,237,219
Net migration,SM.POP.NETM,Israel,ISR,153141,57522,49345,57273,61800,66811,60297,52713,78422,63409,38643,17420,6684,8494,10975,11446,9654,7974,7269,12906,10470,16549,17075,25303,29735,24308,14518,15615,16134,16573
Net migration,SM.POP.NETM,Italy,ITA,19721,51747,24321,502750,-460287,53450,50539,67985,54405,56065,48903,223861,478578,417970,258702,215995,495092,422534,283676,274387,198544,252524,158090,52679,39389,84568,95147,83686,46634,85281
Net migration,SM.POP.NETM,Jamaica,JAM,-23014,-21426,-20731,-19960,-19092,-18285,-17756,-17623,-17542,-17498,-17466,-17428,-17380,-17256,-17071,-16840,-16588,-16191,-14941,-13248,-11577,-10498,-10335,-10335,-10335,-10335,-10335,-10335,-10335,0
Net migration,SM.POP.NETM,Japan,JPN,161331,170878,168836,154214,87714,25030,43366,45912,56901,23468,59563,60864,74875,69014,113017,130065,138024,142605,125450,131860,97720,67904,66449,58109,168896,314732,322564,320601,318190,42001
Net migration,SM.POP.NETM,Jordan,JOR,75824,85376,81576,61533,27991,-2655,-23021,-27036,-27530,-26077,-22896,-18463,-11699,7979,3500,502609,-18108,767,-49687,4872,7057,-146181,609631,635528,490844,31046,12873,32062,-23156,6745
Net migration,SM.POP.NETM,Kazakhstan,KAZ,-104271,-214015,-292682,-520028,-412775,-469331,-481380,-488075,-61031,-8754,-7333,-8272,-16027,-22841,-20171,-21728,-26237,-37796,-7758,-6840,-3160,-4512,-3925,-10170,-2011,9478,21248,-6644,2594,-8716
Net migration,SM.POP.NETM,Kenya,KEN,-60087,-43085,-61054,-40367,-75506,-79276,-80443,-70023,-13257,5407,55052,10431,24175,31525,5501,15767,-11495,29612,7096,-21069,-44795,-42928,-57634,-72415,-95977,-29728,-68702,-115436,-61949,-17111
Net migration,SM.POP.NETM,Kiribati,KIR,-844,-951,-975,-996,-928,-701,-693,-716,-733,-629,-201,-137,-157,-181,-226,-290,-290,-289,-289,-456,-1019,-1093,-1101,-1128,-1022,-756,-750,-741,-705,0
Net migration,SM.POP.NETM,"Korea, Dem. People's Rep.",PRK,0,0,0,-517,-3094,-3512,-3745,-3706,-3443,-3142,-2884,-2763,-2717,-2758,-2861,-2948,-3021,-3051,-3058,-3053,-2957,-2919,-2933,-3042,-3208,-3222,-3224,-3225,-3142,-1585
Net migration,SM.POP.NETM,"Korea, Rep.",KOR,-270754,-265849,-222802,-208309,-208491,-115705,-109130,-98044,-107448,-84960,-28006,-18105,-31994,-42549,-47821,-28434,-42293,-19630,5308,52042,269958,281866,301926,308037,276427,91568,104029,118220,128622,112631
Net migration,SM.POP.NETM,Kosovo,XKX,-3485,829,660,443,-764,-4187,-4655,-294789,-168484,-9150,-1989,-27289,-27491,-29433,-31137,-31202,-31597,-32053,-31556,-29433,-9064,-3403,-16367,-39586,-55524,-8937,-5428,-21386,-28829,2815
Net migration,SM.POP.NETM,Kuwait,KWT,460628,52620,-43501,-41862,438,17914,17457,16878,15912,14296,12055,9335,5895,1713,67638,97087,96765,96268,95483,101566,176732,127777,107821,100891,129695,105818,92717,145973,181,-168379
Net migration,SM.POP.NETM,Kyrgyz Republic,KGZ,-32276,-33009,-103698,-22165,-10767,-10926,-11740,-17690,-10297,-23265,-25695,-28300,-30686,-32088,-36288,-53469,-54298,-64404,-14325,-6521,-10170,-12503,-9667,-9443,-5071,1187,7553,3494,47303,54704
Net migration,SM.POP.NETM,Lao PDR,LAO,-5390,-7502,-9390,-11782,-14279,-16574,-32288,-33997,-36632,-33965,-33552,-33595,-36572,-40120,-24138,-25286,-27233,-28318,-29545,-30046,-30538,-28871,-27492,-26881,-12991,-11401,-10400,-10305,-10305,-10305
Net migration,SM.POP.NETM,Latvia,LVA,-12020,-52180,-32914,-21446,-13288,-9888,-9183,-5504,-3229,-15679,-18634,-9160,-11422,-15136,-11134,-9211,-8027,-22445,-34807,-36128,-20202,-11914,-14386,-8799,-10826,-12327,-7867,-4972,-3416,-3147
Net migration,SM.POP.NETM,Lebanon,LBN,1159,-970,-5196,-4850,2634,3164,1313,1062,2589,455,-1094,-21543,1674,4974,1224,25126,27944,430,-2700,-40915,2246,124427,733500,301111,-239829,-247921,-253664,-259700,-266992,-47787
Net migration,SM.POP.NETM,Lesotho,LSO,-12114,-12707,-13347,-13953,-14588,-17042,-22396,-23299,-24610,-26220,-27874,-29924,-31723,-33530,-35679,-11416,-5179,-5392,-5599,-5886,-6118,-6425,-6659,-6877,-7087,-6766,-6850,-6892,-6896,-3449
Net migration,SM.POP.NETM,Liberia,LBR,78052,56210,7300,-121407,54372,-37922,281480,99203,53643,-2060,7142,-23110,-103564,-1001,101019,77946,65306,17404,1187,2850,91981,-25710,-22010,-26690,-15182,-26796,-24807,-23199,-19678,-10107
Net migration,SM.POP.NETM,Libya,LBY,902,843,426,-1755,-5068,-8446,-10907,-11479,-10206,5634,8420,10152,12073,13222,11024,3351,12640,15260,11670,9611,-562827,5211,25755,-1716,-7660,-5081,9208,5841,-1352,-694
Net migration,SM.POP.NETM,Liechtenstein,LIE,219,223,240,231,264,233,232,198,198,167,113,121,189,166,117,137,89,87,150,124,139,231,180,103,163,63,206,155,271,269
Net migration,SM.POP.NETM,Lithuania,LTU,-10744,-25175,-23949,-24104,-23509,-23236,-22324,-22002,-20533,-16077,-24733,-12627,-22701,-32312,-51357,-24730,-21815,-16482,-32186,-78887,-38518,-21387,-16769,-12387,-22560,-30612,-28027,-3459,10665,19884
Net migration,SM.POP.NETM,Luxembourg,LUX,4067,4101,4055,3900,4385,3603,3711,3874,4666,4516,3427,2759,5581,4566,6310,5557,6244,7969,6855,7909,10918,10273,10535,11217,11377,12760,9643,10145,10503,6967
Net migration,SM.POP.NETM,"Macao SAR, China",MAC,5636,4244,4262,4259,4396,4617,4606,4725,4845,4775,7172,11492,11689,11736,11544,11430,11340,11224,10741,10079,8661,6820,7150,6837,7533,7676,8427,8917,8967,8842
Net migration,SM.POP.NETM,Madagascar,MDG,-2330,-2216,-2063,-1905,-1670,-1161,-986,-1222,-1891,-4298,-13014,-18209,-18345,-13393,-4869,-2336,-1563,-1255,-1429,-1979,-2219,-2334,-2445,-2522,-2594,-2687,-2784,-2887,-2976,-1480
Net migration,SM.POP.NETM,Malawi,MWI,15291,37142,-284867,-505365,-66366,-66212,-61646,-39491,-31686,-28098,-28933,-30013,-31729,-32221,-31462,-29450,-22680,-9264,-8590,-9327,-12170,-13561,-12934,-10317,-6471,3505,982,-3267,-1837,-2655
Net migration,SM.POP.NETM,Malaysia,MYS,97111,66286,61079,66685,72393,73040,79266,99639,89335,125499,173613,196227,199510,212278,225864,232971,229784,202481,178410,157164,122269,134975,149637,159791,187663,222141,227677,221965,203284,101907
Net migration,SM.POP.NETM,Maldives,MDV,-378,-522,-749,-768,-302,-183,-60,-94,-62,300,560,607,578,668,578,5006,6160,6035,6093,6369,6611,6800,6963,7700,9324,9421,9555,9637,9648,9642
Net migration,SM.POP.NETM,Mali,MLI,-77172,-70789,-68816,-63533,-67763,-67974,-55978,-30255,-21702,-17395,-12507,-8914,-11768,-10796,-17413,-18247,-19945,-24509,-34383,-34483,-43160,-140507,-40951,-50068,-48872,-30251,-33942,-40710,-44373,-14962
Net migration,SM.POP.NETM,Malta,MLT,763,737,1006,1136,1306,1142,1003,1260,1463,1591,1678,1821,1626,1662,1626,997,926,869,836,741,999,911,861,9192,9588,8624,14372,16961,20302,6904
Net migration,SM.POP.NETM,Marshall Islands,MHL,-661,-769,-869,-942,-991,-1050,-1097,-1124,-1068,-1110,-1237,-1345,-1427,-1466,-1482,-1491,-1491,-1467,-1361,-1221,-1512,-1759,-1825,-1906,-1964,-2003,-2040,-2058,-2030,-2004
Net migration,SM.POP.NETM,Mauritania,MRT,-2997,34505,6217,5304,-22997,-28840,-8187,-8504,-2999,-2997,-21067,-18903,-19104,-19042,-18693,-18033,-17048,-3860,-1481,1128,3272,4515,-2987,-2980,-3019,-3008,-3001,-2987,-3019,-1483
Net migration,SM.POP.NETM,Mauritius,MUS,-1333,-1254,-1189,-1112,-1144,-1092,-1199,-1292,-1463,-2326,-3225,-3150,-3141,-3001,-2840,-2757,-2642,-2589,-2467,-2624,-2465,-3663,-3617,-3691,-3645,-4483,-5322,-5084,-5202,-5895
Net migration,SM.POP.NETM,Mexico,MEX,-326691,-344313,-358039,-354573,-340091,-343399,-340546,-321385,-328773,-356433,-378348,-379812,-369183,-346912,-310278,-244140,-105524,-50347,-30809,-40845,-37826,-128485,-120058,-228816,-291044,-304472,-227499,-175356,-169628,-147456
Net migration,SM.POP.NETM,"Micronesia, Fed. Sts.",FSM,-993,-589,-552,-1006,-2192,-2355,-2468,-2505,-2530,-2402,-2562,-2677,-2831,-2919,-2968,-3080,-3109,-3070,-2997,-1798,-1717,-1631,-1559,-1480,-1413,-1346,-1281,-1281,-1360,-680
Net migration,SM.POP.NETM,Moldova,MDA,-29204,-30136,-31526,-31616,-31975,-33369,-41743,-41975,-43111,-43854,-45043,-45833,-46947,-52491,-68681,-72061,-75734,-79593,-83546,-84039,-82271,-81215,-77571,-67175,-59399,-51642,-43871,-36085,-41233,-33405
Net migration,SM.POP.NETM,Monaco,MCO,299,293,276,262,246,229,212,173,64,-33,-69,-60,-68,-112,-147,-209,-274,206,785,808,866,906,926,916,939,798,798,999,-198,999
Net migration,SM.POP.NETM,Mongolia,MNG,-11427,-8404,-5429,-5449,-7346,-8626,-9132,-10315,-13481,-11241,-10244,-8934,-7986,-8148,-8924,-11934,-15220,-17277,-15007,-6444,-505,351,1505,2921,4307,5633,6831,7811,8660,0
Net migration,SM.POP.NETM,Montenegro,MNE,-2630,-2942,-2835,-2889,-3082,-3051,-3077,-3326,-3487,-3734,-3511,-3357,-3178,-1997,-2247,-2735,-3056,-3326,-3456,-2276,0,-1583,-2478,-4357,-4863,-5274,-4948,-5058,-4083,-3310
Net migration,SM.POP.NETM,Morocco,MAR,-130717,-107911,-121254,-115404,-85386,-95331,-96502,-80286,-74343,-67569,-63967,-67802,-84460,-66749,-59024,-72364,-73759,-78912,-82203,-70510,-67447,-65251,-67096,-72065,-81248,-39302,-60472,-88159,-91217,-35474
Net migration,SM.POP.NETM,Mozambique,MOZ,-68644,-128960,272829,938163,108751,90975,-79732,-74952,-103223,-104476,-105130,-103102,-99484,-100824,-95770,-95333,-100490,-102534,-100625,-97079,-63638,-63131,-57067,-53625,-52374,-43398,-25043,-50224,-49080,-25864
Net migration,SM.POP.NETM,Myanmar,MMR,-79059,-80661,-83214,-71359,-75097,-65766,-58954,-62281,-81874,-106772,-131124,-150232,-165739,-169736,-185009,-186098,-184989,-180533,-158542,-116481,-82713,-61536,-62863,-74901,-94108,-87907,-105415,-114598,-100783,-66213
Net migration,SM.POP.NETM,Namibia,NAM,309,2487,5464,5578,5712,5866,6023,6180,6333,5709,2869,-1913,-6153,-7192,-8195,-8792,-8905,-8775,-8626,-8518,-4067,10957,10748,11134,12755,14002,16080,17920,19676,27056
Net migration,SM.POP.NETM,Nauru,NRU,0,-121,-194,-196,-201,-204,-209,-217,-227,-236,-252,-247,-199,-210,-217,-224,-235,-243,-249,-246,-206,-38,-53,-69,-86,-105,-115,-131,-171,-214
Net migration,SM.POP.NETM,Nepal,NPL,17056,84113,-37782,-27415,-86232,-92307,-98454,-108400,-122551,-147193,-148973,-153730,-168314,-197336,-211024,-241455,-252526,-261540,-266144,-269963,-347552,-371707,-373064,-310156,-221062,-341748,-368787,-295151,182203,162139
Net migration,SM.POP.NETM,Netherlands,NLD,51670,50148,44514,20193,15056,21792,31302,52058,47179,59308,56096,28824,7937,-9230,-22496,-25401,-304,32406,39832,33703,31224,14861,19973,36591,55585,88743,86332,87197,109003,67598
Net migration,SM.POP.NETM,New Caledonia,NCL,1307,1328,1347,1382,1418,1067,940,981,1028,1070,1108,1140,1173,777,-44,53,48,41,821,1956,2013,2073,2198,631,-2530,-2605,-2614,-2650,-2335,-1181
Net migration,SM.POP.NETM,New Zealand,NZL,31156,6460,12638,20420,26743,25169,12040,-1387,-7634,-6604,17793,48195,42456,24521,19212,14542,3053,4804,12700,6722,-2196,-1015,26385,57974,70870,75512,68349,59139,69770,42124
Net migration,SM.POP.NETM,Nicaragua,NIC,-24028,-24171,-24091,-24773,-25889,-35208,-36851,-38260,-40095,-42087,-43837,-44906,-44931,-44222,-33280,-32274,-31357,-30675,-29913,-29081,-28221,-27389,-26587,-25570,-24353,-23076,-21849,-20742,-19730,-10383
Net migration,SM.POP.NETM,Niger,NER,-1500,-2258,-2269,-959,3843,-8057,-13680,-7298,-12037,-8522,-8654,-9550,-8841,-9070,-9700,-10054,-10069,-9847,-9014,-8033,-6941,18714,-2543,3891,17051,14833,-6830,-3830,-15778,-4402
Net migration,SM.POP.NETM,Nigeria,NGA,42760,138412,90200,128134,73243,84448,96885,145575,97195,74535,64163,69594,33857,46370,-17146,-12093,-9162,-13646,-18422,47966,67808,71138,40201,-19376,-116162,75265,78685,-76565,-99722,-14497
Net migration,SM.POP.NETM,North Macedonia,MKD,-45484,-46509,-47273,-21006,-3603,-397,-477,-589,-1261,-2824,-922,-2858,-2880,-2640,-2244,-9632,-15705,-17645,-15455,-16668,-17871,-19083,-20297,-22132,-23010,-24144,-24227,-24878,-24204,-23458
Net migration,SM.POP.NETM,Northern Mariana Islands,MNP,-492,-607,-661,-488,812,3801,3590,3643,3374,-950,-2515,-2525,-2734,-2841,-2913,-3048,-3050,-2962,-2821,-1587,-1309,-1416,-1547,-1550,-1530,-1517,-1517,-1527,-1551,-755
Net migration,SM.POP.NETM,Norway,NOR,7949,10218,12567,7580,6343,5671,9744,13519,19147,9805,7906,17279,11389,13412,18588,24054,40111,44002,39316,42865,47454,47883,40690,38522,30242,26417,21657,18473,25707,11277
Net migration,SM.POP.NETM,Oman,OMN,31927,31756,27204,-12665,-13418,-15286,-16998,-17626,-18235,-18588,-19103,-20098,-19265,9394,10231,11103,11478,9877,7226,28717,492609,322812,113335,75557,133842,117538,11751,-52630,-117480,-171635
Net migration,SM.POP.NETM,Pakistan,PAK,-19668,-718387,-139493,-277100,11534,-60855,-55539,-112191,-134510,252869,-54727,-653758,-219118,-64669,-189899,-183933,576349,-140746,-18298,-431902,-890633,-1647989,-1906319,-2037920,-2172162,-2290411,-1574585,-1309611,-1177220,-559291
Net migration,SM.POP.NETM,Palau,PLW,193,193,193,211,258,312,297,280,243,120,65,67,71,79,-250,-365,-372,-378,-382,-392,-405,-387,-28,-7,-11,-35,-33,-35,-46,0
Net migration,SM.POP.NETM,Panama,PAN,-305,182,560,899,1221,1533,1820,2084,2341,2602,2856,3099,3352,3596,3843,4087,4330,4568,4765,4953,5167,5447,5926,7105,8648,10109,11059,11130,10623,5473
Net migration,SM.POP.NETM,Papua New Guinea,PNG,26830,36622,38220,39669,40962,41994,42787,43091,42519,41855,41962,42657,43639,44811,46014,47191,48203,48985,49647,50106,40690,37893,35280,32840,30580,28473,26513,24684,22978,10703
Net migration,SM.POP.NETM,Paraguay,PRY,-5420,-6035,-6431,-6999,-7653,-8273,-8704,-9276,-11362,-15884,-27676,-36918,-39941,-40907,-42173,-44568,-45914,-44679,-40112,-26169,-20427,-17763,-17232,-16989,-16834,-16737,-16630,-16472,-16263,-8226
Net migration,SM.POP.NETM,Peru,PER,-61645,-41702,-51775,-39299,-46499,-38749,-32515,-24388,-55325,-92353,-129481,-157158,-181276,-194171,-221652,-231851,-236745,-235307,-219314,-181302,-148339,-118863,-95214,-50383,2421,96740,114382,339067,74270,55375
Net migration,SM.POP.NETM,Philippines,PHL,-413300,-50338,-298337,-326539,-280327,-128251,-145334,178274,-18323,-33868,-247496,-268520,-248066,-273743,-326063,-566647,-225977,-498480,-164411,13556,-240005,95702,-218439,-196524,-390702,-309251,-263593,-163602,-6208,-47014
Net migration,SM.POP.NETM,Poland,POL,-55342,-46893,-48805,-41845,-52989,-45349,-44230,-39509,-53035,-15921,-16648,-16462,-19039,-38216,-41942,-68882,-51235,-42288,-8283,119623,45951,4635,12402,5525,3887,-5675,-21535,-223,7696,3920
Net migration,SM.POP.NETM,Portugal,PRT,-37914,-11847,8561,20761,26971,32640,36922,40931,49572,60586,55565,42169,24740,13928,15537,16754,21064,9478,14532,-5627,-31513,-37083,-36342,-26447,-3209,-775,13979,22495,63031,54076
Net migration,SM.POP.NETM,Puerto Rico (US),PRI,-4857,-4198,-6207,-6385,-5930,-6559,-8067,-4606,-4607,-19394,-24907,-25268,-24947,-26695,-27139,-27499,-24762,-21734,-18849,-30960,-38545,-41108,-42641,-41932,-42912,-41237,-149999,10304,10623,-7410
Net migration,SM.POP.NETM,Qatar,QAT,5562,5670,5670,5660,5634,5517,19547,22618,22815,22769,22456,22356,22234,12531,68993,204236,245703,165572,123217,90620,77228,77091,133520,194712,177467,119725,46719,12465,10557,-50433
Net migration,SM.POP.NETM,Romania,ROU,-36824,-63200,-73475,-76246,-73779,-70799,-88734,-81366,-82590,-92451,-91154,-106585,-107139,-117432,-131176,-132777,-133089,-144368,-137953,-122364,-102769,-37589,-34910,-35448,-35751,-33073,-33081,-33018,-27909,-13202
Net migration,SM.POP.NETM,Russian Federation,RUS,125505,-1129589,507229,1271417,723875,587171,541387,528135,375468,550401,259614,1358944,256804,261519,263541,308370,365717,360840,350206,307555,309377,285977,289872,264698,384756,447645,396619,339972,336494,334094
Net migration,SM.POP.NETM,Rwanda,RWA,-59519,-12334,236110,-2078111,439995,1367700,410106,-129089,-146162,-153588,-152197,-91518,-25355,-31214,-33830,-34008,-32537,-31913,-30128,-29501,-27915,-25260,-16779,-19505,-21862,-24474,-25634,-25323,-24492,-22251
Net migration,SM.POP.NETM,Samoa,WSM,-4227,-3161,-3373,-3505,-3532,-3476,-3658,-3702,-3517,-3453,-3198,-3624,-3748,-3796,-3805,-3714,-3152,-3194,-3093,-3197,-3056,-3089,-3107,-3081,-3074,-3008,-2539,-2425,-2313,-2299
Net migration,SM.POP.NETM,San Marino,SMR,278,285,325,300,262,257,255,257,256,233,215,241,277,285,314,310,314,268,311,592,2325,143,57,74,273,291,234,172,187,247
Net migration,SM.POP.NETM,Sao Tome and Principe,STP,-1362,-1432,-1527,-1644,-1829,-1974,-2153,-2364,-2594,-2798,-1289,-690,-816,-894,-941,-1031,-1127,-1203,-1328,-1529,-1616,-1739,-1787,-1801,-1809,-1793,-1779,-1757,-1716,0
Net migration,SM.POP.NETM,Saudi Arabia,SAU,162857,160908,158074,160306,160512,160532,160066,159898,160263,468515,484252,500508,514606,523472,518565,504661,489136,491337,496229,504955,491253,479206,485794,469144,465292,-26997,-920812,-988751,191582,-74725
Net migration,SM.POP.NETM,Senegal,SEN,-13783,-14796,-16649,-22633,-31001,-39162,-44506,-45189,-44284,-42854,-41422,-40554,-57213,-59879,-61781,-64254,-66580,-67812,-69239,-69888,-43350,-42978,34878,36030,34387,29498,29605,33567,38386,33848
Net migration,SM.POP.NETM,Serbia,SRB,-8483,-4415,-5972,-5934,-6019,-5598,-5817,-5665,-4073,-14368,-12007,1562,6854,7300,7945,8018,7045,7070,6043,3632,611,-18513,-17866,-18846,-18789,-18322,-18651,-18883,-18891,-10220
Net migration,SM.POP.NETM,Seychelles,SYC,-342,-289,-316,-231,-171,-266,-11,512,491,461,509,425,316,317,214,264,173,105,105,740,1551,1538,1717,1742,1719,1682,1693,1733,1770,1726
Net migration,SM.POP.NETM,Sierra Leone,SLE,-238965,-129565,-95476,-77371,-112857,-52110,-48437,-76766,-84926,83013,227791,86578,69185,23897,-1805,-34052,-6042,1182,18145,7983,6895,988,2773,485,-356,4657,1234,-2741,-2238,1292
Net migration,SM.POP.NETM,Singapore,SGP,57821,54359,58820,71170,91947,102018,95241,51905,19681,55218,45027,-40023,-30012,50487,92023,135625,192292,176182,95841,72571,89856,78501,52176,40154,41852,13737,-8880,21820,870,-145556
Net migration,SM.POP.NETM,Sint Maarten (Dutch part),SXM,1528,474,-642,-688,-729,-745,-740,-720,-674,-618,-289,13,41,60,69,61,103,71,64,-24,353,528,530,530,536,545,545,535,526,519
Net migration,SM.POP.NETM,Slovak Republic,SVK,174,-201,72,-109,-30,246,247,-12,-119,-831,-860,-580,-646,-522,-561,-549,-571,-495,-542,-1814,-2392,871,-1181,-1158,2549,3487,3279,3446,3128,4350
Net migration,SM.POP.NETM,Slovenia,SVN,-3325,-5547,-4641,-153,356,-2456,-1298,-5280,10291,3124,4527,1975,3218,1759,6317,6081,14191,2971,11594,-410,2190,1117,639,-70,712,1195,1359,14640,16352,28514
Net migration,SM.POP.NETM,Solomon Islands,SLB,-410,-482,-665,-828,-952,-947,-931,-1019,-1588,-4219,-4474,-4691,-4881,-4985,-5082,-5262,-5383,-5538,-4360,5040,5219,5420,5631,5598,5853,6146,6513,6653,-1990,1556
Net migration,SM.POP.NETM,Somalia,SOM,-568166,-179675,261815,-50921,65888,-46291,49692,55426,37548,53580,40274,12603,33174,17353,-5955,-67200,8476,-102035,-101795,-88448,-326192,-51833,20723,6065,-17178,124017,38067,40844,53124,77259
Net migration,SM.POP.NETM,South Africa,ZAF,-39131,-71342,194977,-268849,-98403,-193007,-98181,-82722,-126011,-136794,-60793,50313,65604,58924,31286,33159,36339,36869,41528,68563,65166,264091,232230,272697,641150,-879235,343146,318260,331124,369901
Net migration,SM.POP.NETM,South Sudan,SSD,14327,15077,15772,16407,17077,17953,48280,64285,70271,74227,77856,82847,91951,110182,132869,153926,167350,165557,139129,299402,194325,125771,65337,-471523,-159822,-654225,-670477,157408,65198,62935
Net migration,SM.POP.NETM,Spain,ESP,122841,177544,160907,160407,162434,162704,165345,182926,178559,176269,181307,737880,658428,661158,629803,659720,772317,434135,129557,69406,60761,-153486,-250741,-97870,-1979,106474,201135,337467,464783,236854
Net migration,SM.POP.NETM,Sri Lanka,LKA,-1047,88542,36232,8323,117416,127236,135636,150724,138799,123894,19273,-105718,-107573,-84795,-118594,-107045,-109695,-97144,-81130,-98060,-90839,-41955,-37754,-33672,-29797,-18388,-22324,-28607,-28426,-29875
Net migration,SM.POP.NETM,St. Kitts and Nevis,KNA,-217,158,160,170,162,168,157,170,213,291,-7,-210,-224,-237,-234,-221,-200,-197,-263,-449,0,-202,-202,-202,-202,-202,-202,-202,-202,-202
Net migration,SM.POP.NETM,St. Lucia,LCA,-963,-834,-824,-721,-638,-571,-519,-268,-361,-176,-416,-409,-397,-378,-358,-339,-352,-331,-276,-170,-150,-135,-114,-90,-69,-57,-38,-18,0,0
Net migration,SM.POP.NETM,St. Martin (French part),MAF,-485,-526,-568,-619,-684,-754,-834,-934,-52,143,125,113,101,91,79,58,25,-17,-82,-357,-359,-470,-545,-661,-731,-825,-951,-1764,-2682,-2853
Net migration,SM.POP.NETM,St. Vincent and the Grenadines,VCT,-1482,-1602,-1629,-1631,-1608,-1575,-1487,-1308,-1019,-1213,-1375,-1333,-1315,-1349,-1365,-1346,-1363,-1414,-1407,-1371,-1319,-1221,-1190,-1161,-1124,-1089,-1057,-1026,-982,-493
Net migration,SM.POP.NETM,Sudan,SDN,-261341,-271093,-166861,-144324,-144670,-310221,-148368,-150271,-157090,-165030,-173745,-180603,-281001,-185392,-199378,-211387,-201769,-73188,-80159,-339466,-347024,-232196,-194001,92504,66476,84728,441623,125499,-39491,-65933
Net migration,SM.POP.NETM,Suriname,SUR,-6174,-5662,-7291,-2713,1275,1165,1164,1241,1380,1516,1641,2076,2345,-1676,-1534,-1403,-1312,-1255,-1204,-1138,-1060,-1011,-968,-959,-967,-906,-935,-851,191,-296
Net migration,SM.POP.NETM,Sweden,SWE,25314,20507,32725,51545,11621,5773,6047,11325,13940,24900,28856,31364,29161,25842,27030,51675,54907,56452,63638,51175,46049,52879,66760,77654,80534,119234,102671,87517,72619,37302
Net migration,SM.POP.NETM,Switzerland,CHE,69738,42014,40267,30274,25343,-131,-1939,11325,25599,24463,35420,49650,42567,39484,33203,37308,72475,94430,69324,76388,67194,67840,83823,78122,71876,71009,45658,41253,44517,55523
Net migration,SM.POP.NETM,Syrian Arab Republic,SYR,-10154,-4063,-8828,-12630,-28122,-30197,-31571,-26025,-31394,-34425,-36383,-35096,-33920,10881,13382,682911,801514,-402393,-52703,-54359,-256888,-999267,-2081303,-1457679,-827496,-124063,-287501,514102,500985,269050
Net migration,SM.POP.NETM,Tajikistan,TJK,-29553,-95280,-75147,-49668,-40418,-30922,-110572,-119621,-117571,-13871,-19657,-20526,-22562,-25082,-27954,-30591,-32831,-34855,-36677,-33733,-30783,-12132,-16362,-13962,-7660,-8210,-4093,-6111,-9041,-3564
Net migration,SM.POP.NETM,Tanzania,TZA,-91851,-83825,288004,349348,-109971,-473007,-13400,-105184,-4489,-9701,-125375,-118047,-127101,-126490,-128251,-128231,-126793,-184816,-324478,-122020,-84546,-49875,1241,-21083,201495,152194,119142,-55444,-63602,-18587
Net migration,SM.POP.NETM,Thailand,THA,124034,143318,122746,132271,147226,152397,150411,183471,173924,121640,96817,105215,105917,107199,100542,102362,100486,107333,110883,52791,66607,74033,67452,55358,32500,112978,66805,10984,5221,32277
Net migration,SM.POP.NETM,Timor-Leste,TLS,1803,1794,1795,1794,1806,1796,1804,1806,-262940,40272,49159,35935,-12810,-16447,1759,2184,2103,1009,117,470,-159,-609,-1206,-958,-20,208,1666,3062,3942,3793
Net migration,SM.POP.NETM,Togo,TGO,-51,-122,-291022,88992,57406,40915,11898,12362,11125,4715,-1703,-5973,-2793,-1005,-4437,21724,4813,14303,-1985,-1964,-1968,-1983,-1976,-1976,-1976,-1979,-1985,-1985,-1985,-986
Net migration,SM.POP.NETM,Tonga,TON,-2484,-2524,-2532,-2484,-2422,-2338,-1589,-1665,-1710,-1721,-1766,-1815,-1844,-1876,-1906,-1875,-2057,-2177,-2204,-2097,-2198,-2578,-2637,-2622,-2610,-2591,-1642,-1723,-1778,-1807
Net migration,SM.POP.NETM,Trinidad and Tobago,TTO,-7149,-6650,-6554,-6615,-6723,-6827,-6865,-6730,-6103,-5185,-4252,-3613,-3472,-3504,-3595,-3684,-3731,-3624,-3056,-2230,-1410,-880,-796,-799,-575,-86,1445,35502,-19251,427
Net migration,SM.POP.NETM,Tunisia,TUN,16021,15124,10771,-4271,-8095,-5506,-4756,-4111,-3452,-5937,-7235,-8334,-12459,-23735,-26361,-24098,-21190,-17742,-13512,-14168,-21935,-26059,-17020,-26586,-25229,-23827,-22365,-21012,-19612,-19188
Net migration,SM.POP.NETM,Turkiye,TUR,-69982,-49923,-35245,-37762,-149737,-179423,-208465,-231744,-219778,-195996,-166759,-129444,-121383,-146574,-174177,-190194,-186402,47915,24276,55532,68849,258623,438618,1033384,1063140,352063,659846,187570,-15690,37934
Net migration,SM.POP.NETM,Turkmenistan,TKM,-4864,-13517,-312,-13094,-13423,-8627,-5600,-3239,12859,14925,16982,18803,17625,14242,10263,7613,6388,6734,6656,6621,6992,7125,7287,8696,9936,13365,16678,19293,19735,19913
Net migration,SM.POP.NETM,Turks and Caicos Islands,TCA,412,413,415,417,412,409,407,409,414,442,567,792,797,792,793,797,816,848,855,863,798,1256,1333,1001,1658,1309,1421,1400,1359,682
Net migration,SM.POP.NETM,Tuvalu,TUV,-72,-104,-119,-120,-125,-121,-120,-122,-120,-118,-117,-104,-16,-10,-8,-5,1,10,15,22,28,1,-160,-166,-179,-200,-246,-329,-343,-355
Net migration,SM.POP.NETM,Uganda,UGA,3643,24723,18349,-16198,-242378,-22795,-155461,6277,-39695,-52824,-95956,-35149,-96429,-138770,-151386,-156232,-154773,-158790,-164553,-168322,-173005,-175936,-176579,-92273,-62366,123379,92879,60724,107210,43464
Net migration,SM.POP.NETM,Ukraine,UKR,125962,291788,26357,-166380,-134053,-158008,-108735,-80684,-59247,-67865,-92847,-26991,18540,5644,-111493,136442,15237,9312,26796,16030,26457,66768,26781,-65678,-21992,-31340,-36155,-32220,-6908,-4167
Net migration,SM.POP.NETM,United Arab Emirates,ARE,66943,65739,65545,62352,68938,180296,183310,183329,180469,178469,178779,178988,177237,176319,174926,399306,722380,523207,163643,161842,215183,225921,279269,360174,342468,195317,34155,14611,-125186,92541
Net migration,SM.POP.NETM,United Kingdom,GBR,27601,17846,27403,45339,61385,54964,59723,125541,152653,153917,175133,203577,211846,276077,308279,288923,309385,263390,249639,274811,228773,172088,237272,306091,347839,324649,272311,259744,232727,144221
Net migration,SM.POP.NETM,United States,USA,1202426,1304880,1228478,1179309,1173016,1141648,1116922,1225134,1156311,1248392,1312455,1336518,1331376,1313467,1369224,1347750,1371353,1416841,1387306,1594453,1624033,1632007,1663885,1672598,1722127,1889129,1864738,1764961,1774500,329769
Net migration,SM.POP.NETM,Uruguay,URY,-7714,-7850,-7922,-7955,-8339,-7397,-6938,-7048,-7441,-11076,-14620,-16957,-17105,-15668,-16086,-13161,-10750,-9458,-8510,-7696,-6982,-6317,-5647,-4919,-4157,-3506,-3091,-2963,-2899,-1482
Net migration,SM.POP.NETM,Uzbekistan,UZB,-29064,-33259,-37377,-41788,-45876,-50314,-48360,-49862,-61955,-66547,-48642,-47679,-44092,-38834,-33386,-29197,-27013,-24028,-20378,-20380,-20380,-20381,-20380,-20381,-16545,-14839,-13352,-11516,-9341,-9208
Net migration,SM.POP.NETM,Vanuatu,VUT,-1078,-1095,-1115,-1132,-1140,-1154,-1166,-1178,-1090,-339,-328,-329,-342,-349,-364,-364,-374,-372,-467,-1413,-1395,-1369,-1343,-1320,-1324,-1235,-610,-638,-652,-201
Net migration,SM.POP.NETM,"Venezuela, RB",VEN,-236,-381,-477,-559,-622,-708,-816,-1010,-1376,-1999,-2856,-3944,-5729,-10798,-18407,-27240,-36060,-43636,-50286,-52781,-54384,-55131,-57818,-62437,-77417,-283270,-817376,-1355602,-975534,-524649
Net migration,SM.POP.NETM,Viet Nam,VNM,-76829,-65285,-72931,-53012,-51147,-48235,52382,106091,-15010,-144298,-177586,-193766,-216062,-220458,-208337,482399,523784,571113,-18560,-4443,-4602,-4851,-4979,-4894,-4888,167652,139245,96650,-2051,-6457
Net migration,SM.POP.NETM,Virgin Islands (U.S.),VIR,-861,-1209,-1316,-1421,-1118,-941,-1023,-864,-797,-791,-840,-869,-889,-921,-657,-840,-888,-957,-664,-1251,-1358,-1346,-1332,-1303,-2432,-2591,-2691,-2743,-2743,0
Net migration,SM.POP.NETM,West Bank and Gaza,PSE,2116,4411,5975,7434,8763,9810,10417,-13146,-13860,-11496,-25652,-35038,-35968,-32853,-28161,-23445,-20337,-23985,-25906,-26351,-26662,-26916,-26979,-27077,-22903,-22774,-25452,-25141,-24733,-12369
Net migration,SM.POP.NETM,"Yemen, Rep.",YEM,-14964,-14372,-14332,-13040,-15485,-35043,-36694,-39096,-42731,-47713,-53698,-59648,-64737,-62641,15283,13940,21210,22621,30919,20269,27184,22349,5697,15764,-9883,-6492,-12086,-26335,2129,-97982
Net migration,SM.POP.NETM,Zambia,ZMB,-44203,-43656,-47739,-45504,-45423,-38358,-26276,-26796,-16888,-4338,23582,3206,20845,7819,35316,29517,49945,39249,44867,22761,13569,8958,15542,16574,16261,25860,25789,18431,18385,8156
Net migration,SM.POP.NETM,Zimbabwe,ZWE,3749,75788,-243947,-174723,-45428,978,395,6645,-86343,-165181,-139361,-101212,-96667,-127550,-134212,-57257,-118299,-113858,-108689,-108671,-108714,-177061,-176972,-177029,-162220,-140181,-128241,-117758,-103107,-89440
,,,,,,,,,,,,,,,,,,,,,,,,,,,,,,,,,
,,,,,,,,,,,,,,,,,,,,,,,,,,,,,,,,,
,,,,,,,,,,,,,,,,,,,,,,,,,,,,,,,,,
Data from database: Population estimates and projections,,,,,,,,,,,,,,,,,,,,,,,,,,,,,,,,,
Last Updated: 07/02/2025,,,,,,,,,,,,,,,,,,,,,,,,,,,,,,,,,
